Number,Name,properH,DynClass,grcomplex
221455,"2006 BC10",,"NEA>Apollo",S
375103,"2007 TD71",,"NEA>Apollo",V
,"2010 DB34",,"NEA>Amor",V
,"2006 SV189",,"NEA>Amor",C
221455,"2006 BC10",,"NEA>Apollo",S
,"2010 AG40",,"NEA>Apollo",V
306595,"2000 GG147",,"NEA>Amor",U
,"2008 SO1",,"NEA>Amor",V
,"2015 DK200",,"NEA>Apollo",C
477327,"2009 TB8",,"NEA>Apollo",B
26310,"1998 TX6",,"NEA>Amor",V
,"2012 PO28",,"NEA>Amor",B
,"2001 XU30",,"NEA>Apollo",U
,"2006 SV189",,"NEA>Amor",C
,"2006 RH7",,"NEA>Apollo",S
,"2012 PO28",,"NEA>Amor",B
,"2005 SM25",,"NEA>Amor",U
,"2009 SU19",,"NEA>Apollo",V
,"2015 RE36",,"NEA>Apollo",S
,"2001 UX4",,"NEA>Apollo",V
,"2015 BU515",,"NEA>Amor",V
,"2005 QG88",,"NEA>Apollo",S
162433,"2000 FK10",,"NEA>Apollo",X
,"2006 SP134",,"NEA>Apollo",D
100756,"1998 FM5",,"NEA>Apollo",S
,"2009 DQ4",,"NEA>Apollo",U
,"2012 PO28",,"NEA>Amor",B
38239,"1999 OR3",,"NEA>Apollo",S
,"2006 UA",,"NEA>Apollo",X
,"2008 VF",,"NEA>Aten",C
,"2001 SK9",,"NEA>Apollo",C
,"2001 UX4",,"NEA>Apollo",V
5011,"Ptah",,"NEA>Apollo",S
,"2004 TG10",,"NEA>Apollo",X
380359,"2002 TN30",,"NEA>Amor",D
415710,"1998 WC2",,"NEA>Amor",S
349063,"2006 XA",,"NEA>Apollo",V
415710,"1998 WC2",,"NEA>Amor",S
277958,"2006 SP134",,"NEA>Apollo",D
162186,"1999 OP3",,"NEA>Amor",S
,"2015 TE323",,"NEA>Apollo",V
,"2006 SV189",,"NEA>Amor",C
286080,"2001 TX1",,"NEA>Apollo",V
277958,"2006 SP134",,"NEA>Apollo",D
,"2010 CN44",,"NEA>Apollo",U
,"2012 PO28",,"NEA>Amor",B
404108,"2012 SF51",,"NEA>Apollo",D
221455,"2006 BC10",,"NEA>Apollo",S
,"2015 TE323",,"NEA>Apollo",V
140333,"2001 TD2",,"NEA>Aten",S
,"2001 YT3",,"NEA>Amor",S
,"2009 TK8",,"NEA>Aten",V
,"2009 TK8",,"NEA>Aten",V
,"1998 MZ",,"NEA>Apollo",S
,"2004 CS",,"NEA>Amor",U
378842,"2008 TD4",,"NEA>Apollo",S
,"2006 HD2",,"NEA>Apollo",V
5011,"Ptah",,"NEA>Apollo",S
192642,"1999 RD32",,"NEA>Apollo",C
414772,"2010 OC103",,"NEA>Apollo",C
225312,"1996 XB27",,"NEA>Amor",V
11500,"Tomaiyowit",,"NEA>Apollo",C
277958,"2006 SP134",,"NEA>Apollo",D
,"2019 VE3",,"NEA>Apollo",U
,"2006 UR216",,"NEA>Apollo",U
,"1998 WT30",,"NEA>Amor",V
240320,"2003 HS42",,"NEA>Amor",V
277958,"2006 SP134",,"NEA>Apollo",D
,"2017 MJ8",,"NEA>Apollo",V
,"2011 UC292",,"NEA>Apollo",V
,"2001 YT3",,"NEA>Amor",S
513497,"2009 HB82",,"NEA>Amor",V
,"2019 YL1",,"NEA>Apollo",U
,"2011 UC292",,"NEA>Apollo",V
216258,"2006 WH1",,"NEA>Apollo",U
,"2016 AX147",,"NEA>Amor",U
,"2006 WN3",,"NEA>Apollo",U
,"2017 UR4",,"NEA>Apollo",U
90403,"2003 YE45",,"NEA>Apollo",V
,"2002 WC1",,"NEA>Amor",V
,"2020 BA1",,"NEA>Apollo",U
189973,"2003 XE11",,"NEA>Amor",C
,"2006 HD2",,"NEA>Apollo",V
5011,"Ptah",,"NEA>Apollo",S
,"2008 HO3",,"NEA>Amor",U
,"2015 DX198",,"NEA>Amor",V
3361,"Orpheus",,"NEA>Apollo",S
,"2011 BH40",,"NEA>Apollo",U
,"2007 DB56",,"NEA>Amor",D
,"2019 YN6",,"NEA>Amor",U
277958,"2006 SP134",,"NEA>Apollo",D
163667,"2002 WC1",,"NEA>Amor",V
5011,"Ptah",,"NEA>Apollo",S
,"2016 KZ",,"NEA>Amor",U
154278,"2002 TB9",,"NEA>Apollo",S
,"2016 VS5",,"NEA>Apollo",B
,"2011 OK5",,"NEA>Amor",V
,"2014 QL390",,"NEA>Amor",V
,"2015 CU58",,"NEA>Amor",U
,"1998 FX2",,"NEA>Amor",V
5011,"Ptah",,"NEA>Apollo",S
,"2012 UU136",,"NEA>Apollo",U
,"2014 QL390",,"NEA>Amor",V
163667,"2002 WC1",,"NEA>Amor",V
2201,"Oljato",,"NEA>Apollo",S
345646,"2006 TN",,"NEA>Amor",C
,"2014 YB35",,"NEA>Apollo",C
,"2013 AU76",,"NEA>Apollo",U
,"2007 VM243",,"NEA>Apollo",V
189552,"2000 RL77",,"NEA>Amor",Q
414772,"2010 OC103",,"NEA>Apollo",C
,"2005 UG5",,"NEA>Apollo",D
4503,"Cleobulus",,"NEA>Amor",S
216115,"2006 SU19",,"NEA>Apollo",V
333480,"2004 TC10",,"NEA>Apollo",S
363076,"2000 PH6",,"NEA>Amor",C
38239,"1999 OR3",,"NEA>Apollo",S
,"2000 CQ101",,"NEA>Amor",C
277958,"2006 SP134",,"NEA>Apollo",D
,"2009 DG9",,"NEA>Amor",U
,"2000 CQ101",,"NEA>Amor",C
,"2006 WZ3",,"NEA>Apollo",V
,"2006 SB142",,"NEA>Amor",C
216115,"2006 SU19",,"NEA>Apollo",V
196068,"2002 TW55",,"NEA>Apollo",V
,"2016 PF8",,"NEA>Apollo",D
,"2016 AO165",,"NEA>Apollo",U
,"2006 SB142",,"NEA>Amor",C
,"2015 LJ24",,"NEA>Apollo",U
,"2012 AY",,"NEA>Apollo",U
370702,"2004 NC9",,"NEA>Amor",V
,"2008 CA5",,"NEA>Apollo",U
345646,"2006 TN",,"NEA>Amor",C
359369,"2009 YG",,"NEA>Apollo",U
,"2012 PO28",,"NEA>Amor",B
,"2016 SG1",,"NEA>Apollo",U
,"2002 WC1",,"NEA>Amor",V
216115,"2006 SU19",,"NEA>Apollo",V
,"2005 TB15",,"NEA>Apollo",S
,"2007 FH1",,"NEA>Amor",U
202411,"2005 RC",,"NEA>Apollo",X
,"2012 PO28",,"NEA>Amor",B
,"2002 VV17",,"NEA>Aten",D
,"2008 JV2",,"NEA>Apollo",U
374267,"2005 LW",,"NEA>Apollo",S
152685,"1998 MZ",,"NEA>Apollo",S
,"2002 LE31",,"NEA>Apollo",U
216115,"2006 SU19",,"NEA>Apollo",V
,"1991 DG",,"NEA>Apollo",U
,"2014 QX432",,"NEA>Apollo",C
,"2015 GF27",,"NEA>Amor",V
,"2018 XB20",,"NEA>Apollo",U
,"2006 SP134",,"NEA>Apollo",D
374267,"2005 LW",,"NEA>Apollo",S
345646,"2006 TN",,"NEA>Amor",C
,"2018 DX3",,"NEA>Amor",V
138847,"2000 VE62",,"NEA>Amor",S
,"2018 WJ1",,"NEA>Amor",V
277958,"2006 SP134",,"NEA>Apollo",D
138847,"2000 VE62",,"NEA>Amor",S
,"2018 DX3",,"NEA>Amor",V
,"2005 JS108",,"NEA>Apollo",C
348461,"2005 SH19",,"NEA>Apollo",U
,"2004 TC10",,"NEA>Apollo",S
2201,"Oljato",,"NEA>Apollo",S
285638,"2000 SO10",,"NEA>Apollo",C
391033,"2005 TR15",,"NEA>Amor",S
481457,"2006 XD2",,"NEA>Apollo",C
5011,"Ptah",,"NEA>Apollo",S
,"2009 QG34",,"NEA>Apollo",V
,"2011 CY46",,"NEA>Apollo",V
171486,"1996 MO",,"NEA>Apollo",V
,"2013 AB53",,"NEA>Amor",V
,"2013 YZ37",,"NEA>Amor",S
17511,"1992 QN",,"NEA>Apollo",C
332775,"2009 VO24",,"NEA>Apollo",V
277958,"2006 SP134",,"NEA>Apollo",D
202411,"2005 RC",,"NEA>Apollo",X
,"2006 SU19",,"NEA>Apollo",V
,"2010 SG15",,"NEA>Amor",U
,"2005 QX151",,"NEA>Amor",V
,"2005 QX151",,"NEA>Amor",V
410649,"2008 SO",,"NEA>Amor",S
,"2012 HC34",,"NEA>Amor",V
,"2019 UJ13",,"NEA>Amor",V
,"2019 SZ2",,"NEA>Amor",U
,"2010 SH15",,"NEA>Amor",U
,"2006 HD2",,"NEA>Apollo",V
,"2009 BC11",,"NEA>Apollo",U
351278,"2004 SB20",,"NEA>Apollo",S
277958,"2006 SP134",,"NEA>Apollo",D
,"2003 WH166",,"NEA>Apollo",U
530974,"2012 BN11",,"NEA>Apollo",V
345646,"2006 TN",,"NEA>Amor",C
,"1997 VM4",,"NEA>Apollo",B
163667,"2002 WC1",,"NEA>Amor",V
,"2017 DT34",,"NEA>Apollo",V
,"1987 QB",,"NEA>Amor",V
277958,"2006 SP134",,"NEA>Apollo",D
,"2008 AG33",,"NEA>Apollo",D
,"2004 VJ1",,"NEA>Aten",U
163667,"2002 WC1",,"NEA>Amor",V
5011,"Ptah",,"NEA>Apollo",S
,"2003 YM137",,"NEA>Apollo",X
477327,"2009 TB8",,"NEA>Apollo",B
,"2008 QC",,"NEA>Amor",S
,"2008 QC",,"NEA>Amor",S
189058,"2000 UT16",,"NEA>Amor",X
,"2020 BW",,"NEA>Aten",U
,"2007 TL23",,"NEA>Apollo",U
,"2009 UQ5",,"NEA>Amor",U
293054,"2006 WP127",,"NEA>Apollo",C
277958,"2006 SP134",,"NEA>Apollo",D
345646,"2006 TN",,"NEA>Amor",C
408869,"2001 SD348",,"NEA>Amor",U
,"2019 UJ13",,"NEA>Amor",V
5011,"Ptah",,"NEA>Apollo",S
,"2019 TG5",,"NEA>Amor",U
280244,"2002 WP11",,"NEA>Amor",D
345646,"2006 TN",,"NEA>Amor",C
,"2003 AL18",,"NEA>Apollo",C
163667,"2002 WC1",,"NEA>Amor",V
,"1994 AH2",,"NEA>Apollo",V
382875,"2004 KE1",,"NEA>Amor",S
,"2003 SF170",,"NEA>Amor",B
,"2013 OM2",,"NEA>Apollo",U
475665,"2006 VY13",,"NEA>Amor",V
,"2007 GW5",,"NEA>Amor",U
,"2002 AR129",,"NEA>Amor",U
,"2010 TM167",,"NEA>Apollo",V
,"2016 BN1",,"NEA>Amor",V
530974,"2012 BN11",,"NEA>Apollo",V
391033,"2005 TR15",,"NEA>Amor",S
,"2006 FG36",,"NEA>Amor",C
,"2010 AG40",,"NEA>Apollo",V
5011,"Ptah",,"NEA>Apollo",S
,"2010 TM167",,"NEA>Apollo",V
,"2013 QH11",,"NEA>Apollo",U
447755,"2007 JX2",,"NEA>Apollo",U
,"2011 UC115",,"NEA>Amor",V
25143,"Itokawa",,"NEA>Apollo",S
136795,"1997 BQ",,"NEA>Apollo",U
,"2010 TM167",,"NEA>Apollo",V
382745,"2003 CC",,"NEA>Apollo",V
489203,"2006 JT",,"NEA>Amor",U
,"2011 UC115",,"NEA>Amor",V
162980,"2001 RR17",,"NEA>Apollo",S
194006,"2001 SG10",,"NEA>Apollo",C
,"2006 TN",,"NEA>Amor",C
,"2001 EC16",,"NEA>Apollo",U
143624,"2003 HM16",,"NEA>Apollo",S
,"2019 WD5",,"NEA>Apollo",U
,"2011 UC115",,"NEA>Amor",V
143624,"2003 HM16",,"NEA>Apollo",S
,"2016 WJ1",,"NEA>Apollo",V
,"2013 YZ37",,"NEA>Amor",S
163667,"2002 WC1",,"NEA>Amor",V
382745,"2003 CC",,"NEA>Apollo",V
,"2004 BE86",,"NEA>Amor",V
334673,"2003 AL18",,"NEA>Apollo",C
,"2008 QC",,"NEA>Amor",S
,"2010 WB3",,"NEA>Apollo",V
,"2010 TM167",,"NEA>Apollo",V
,"2005 SR1",,"NEA>Amor",X
,"2002 RT129",,"NEA>Apollo",U
444185,"2005 SR1",,"NEA>Amor",X
382745,"2003 CC",,"NEA>Apollo",V
,"2004 TU11",,"NEA>Amor",C
370307,"2002 RH52",,"NEA>Apollo",C
,"2010 TU54",,"NEA>Amor",B
414772,"2010 OC103",,"NEA>Apollo",C
444185,"2005 SR1",,"NEA>Amor",X
,"2016 WJ1",,"NEA>Apollo",V
162149,"1998 YQ11",,"NEA>Amor",S
523915,"1997 VM4",,"NEA>Apollo",B
,"2004 RN335",,"NEA>Amor",U
475665,"2006 VY13",,"NEA>Amor",V
,"2014 HY196",,"NEA>Amor",U
5011,"Ptah",,"NEA>Apollo",S
143624,"2003 HM16",,"NEA>Apollo",S
444185,"2005 SR1",,"NEA>Amor",X
475665,"2006 VY13",,"NEA>Amor",V
209924,"2005 WS55",,"NEA>Amor",L
,"2005 SH26",,"NEA>Apollo",V
,"2008 VB1",,"NEA>Apollo",V
,"2011 VQ5",,"NEA>Amor",V
143624,"2003 HM16",,"NEA>Apollo",S
345646,"2006 TN",,"NEA>Amor",C
,"2013 WN67",,"NEA>Amor",V
444185,"2005 SR1",,"NEA>Amor",X
,"2003 WM7",,"NEA>Apollo",C
,"2002 XP40",,"NEA>Amor",S
1221,"Amor",,"NEA>Amor",D
,"2005 SH26",,"NEA>Apollo",V
,"2006 VY13",,"NEA>Amor",V
444185,"2005 SR1",,"NEA>Amor",X
479345,"2013 WY67",,"NEA>Apollo",V
444185,"2005 SR1",,"NEA>Amor",X
410649,"2008 SO",,"NEA>Amor",S
194386,"2001 VG5",,"NEA>Apollo",V
,"2013 WU45",,"NEA>Apollo",U
,"2014 US192",,"NEA>Apollo",S
,"2018 AO18",,"NEA>Amor",U
,"2016 EN1",,"NEA>Amor",V
,"2008 RP108",,"NEA>Amor",S
,"2008 RP108",,"NEA>Amor",S
,"2011 DS9",,"NEA>Apollo",U
414772,"2010 OC103",,"NEA>Apollo",C
444185,"2005 SR1",,"NEA>Amor",X
451003,"2008 UD1",,"NEA>Apollo",V
,"2014 US192",,"NEA>Apollo",S
444185,"2005 SR1",,"NEA>Amor",X
,"2003 OC3",,"NEA>Apollo",C
523915,"1997 VM4",,"NEA>Apollo",B
523599,"2003 RM",,"NEA>Amor",S
,"2019 AZ13",,"NEA>Amor",V
69230,"Hermes",,"NEA>Apollo",V
137126,"1999 CF9",,"NEA>Apollo",S
414772,"2010 OC103",,"NEA>Apollo",C
444185,"2005 SR1",,"NEA>Amor",X
,"2016 EN1",,"NEA>Amor",V
,"2000 YN29",,"NEA>Apollo",U
,"2014 SK142",,"NEA>Amor",U
,"2001 LB",,"NEA>Apollo",C
,"2003 WM7",,"NEA>Apollo",C
,"2000 WK63",,"NEA>Apollo",V
8201,"1994 AH2",,"NEA>Apollo",V
,"2002 XP40",,"NEA>Amor",S
452302,"1995 YR1",,"NEA>Apollo",V
138847,"2000 VE62",,"NEA>Amor",S
,"2010 AF30",,"NEA>Apollo",V
,"2018 TY2",,"NEA>Apollo",U
444185,"2005 SR1",,"NEA>Amor",X
,"2011 VQ5",,"NEA>Amor",V
417217,"2005 YS",,"NEA>Aten",B
481790,"2008 TF4",,"NEA>Amor",V
,"2008 WL60",,"NEA>Amor",S
39572,"1993 DQ1",,"NEA>Amor",C
,"2008 WP1",,"NEA>Amor",B
,"2019 CS",,"NEA>Apollo",U
8201,"1994 AH2",,"NEA>Apollo",V
414772,"2010 OC103",,"NEA>Apollo",C
444185,"2005 SR1",,"NEA>Amor",X
,"2003 RM",,"NEA>Amor",S
,"2014 DJ23",,"NEA>Apollo",V
310402,"1999 EE5",,"NEA>Amor",U
,"2010 VE1",,"NEA>Amor",C
,"Hermes",,"NEA>Apollo",V
,"2002 JV15",,"NEA>Apollo",U
,"2017 GU6",,"NEA>Amor",U
,"2003 WM7",,"NEA>Apollo",C
,"2019 PH",,"NEA>Amor",U
,"2014 FX",,"NEA>Amor",V
,"2006 YD",,"NEA>Apollo",D
394155,"2006 QS",,"NEA>Amor",S
,"2016 AJ8",,"NEA>Apollo",U
,"2014 YS50",,"NEA>Amor",U
,"2007 TA25",,"NEA>Amor",U
96744,"1999 OW3",,"NEA>Apollo",V
,"2010 AF30",,"NEA>Apollo",V
,"2007 EH88",,"NEA>Apollo",U
,"2015 DE176",,"NEA>Apollo",V
96536,"1998 SO10",,"NEA>Apollo",V
,"2008 GV3",,"NEA>Apollo",U
,"2002 FC",,"NEA>Apollo",V
345646,"2006 TN",,"NEA>Amor",C
490791,"2010 VE1",,"NEA>Amor",C
394155,"2006 QS",,"NEA>Amor",S
,"2005 XW77",,"NEA>Amor",U
,"2006 CW",,"NEA>Amor",U
418135,"2008 AG33",,"NEA>Apollo",D
137126,"1999 CF9",,"NEA>Apollo",S
,"2004 YK1",,"NEA>Amor",V
8201,"1994 AH2",,"NEA>Apollo",V
,"2008 OX8",,"NEA>Amor",C
,"2019 OJ2",,"NEA>Apollo",U
386281,"2008 RJ1",,"NEA>Amor",D
,"2003 OC3",,"NEA>Apollo",C
20790,"2000 SE45",,"NEA>Amor",S
,"2008 FN6",,"NEA>Amor",S
,"2006 UQ17",,"NEA>Apollo",C
359592,"2010 VA1",,"NEA>Amor",V
345646,"2006 TN",,"NEA>Amor",C
106538,"2000 WK63",,"NEA>Apollo",V
,"2006 UQ17",,"NEA>Apollo",C
,"2004 YK1",,"NEA>Amor",V
220839,"2004 VA",,"NEA>Apollo",C
,"2008 RJ1",,"NEA>Amor",D
,"2002 XP40",,"NEA>Amor",S
,"2018 DP3",,"NEA>Apollo",U
,"2006 SP198",,"NEA>Amor",B
,"1995 YR1",,"NEA>Apollo",V
,"2008 FN6",,"NEA>Amor",S
,"2002 XP40",,"NEA>Amor",S
,"2006 TN",,"NEA>Amor",C
313538,"2002 YB12",,"NEA>Apollo",C
106538,"2000 WK63",,"NEA>Apollo",V
,"2008 OS7",,"NEA>Apollo",C
,"2013 WN67",,"NEA>Amor",V
,"2004 FZ5",,"NEA>Amor",U
184266,"2004 VW14",,"NEA>Apollo",V
,"2016 XF18",,"NEA>Apollo",U
418135,"2008 AG33",,"NEA>Apollo",D
,"2006 TN",,"NEA>Amor",C
,"2016 VG2",,"NEA>Apollo",U
414772,"2010 OC103",,"NEA>Apollo",C
397847,"2008 TA1",,"NEA>Apollo",V
164214,"2004 LZ11",,"NEA>Amor",S
189700,"2001 TA45",,"NEA>Amor",S
136839,"1997 WT22",,"NEA>Amor",S
,"2014 WP365",,"NEA>Amor",V
,"2017 FC157",,"NEA>Amor",V
,"2014 FX",,"NEA>Amor",V
,"2009 BJ81",,"NEA>Apollo",U
477465,"2009 XZ1",,"NEA>Aten",V
,"2018 EJ4",,"NEA>Amor",U
,"2019 CE",,"NEA>Apollo",U
,"2004 RX109",,"NEA>Apollo",C
,"2017 FC157",,"NEA>Amor",V
223456,"2003 UB10",,"NEA>Amor",S
136839,"1997 WT22",,"NEA>Amor",S
312473,"2008 SX245",,"NEA>Amor",B
,"2013 WN67",,"NEA>Amor",V
223456,"2003 UB10",,"NEA>Amor",S
461852,"2006 GY2",,"NEA>Apollo",U
,"2013 WN67",,"NEA>Amor",V
66251,"1999 GJ2",,"NEA>Amor",A
223456,"2003 UB10",,"NEA>Amor",S
66251,"1999 GJ2",,"NEA>Amor",A
412977,"1990 UO",,"NEA>Apollo",U
184266,"2004 VW14",,"NEA>Apollo",V
505093,"2011 VQ5",,"NEA>Amor",V
,"2002 FQ4",,"NEA>Amor",V
,"2015 JV",,"NEA>Apollo",U
139211,"2001 GN2",,"NEA>Amor",C
190119,"2004 VA64",,"NEA>Apollo",U
,"2016 LF51",,"NEA>Amor",V
66251,"1999 GJ2",,"NEA>Amor",A
,"2008 FN6",,"NEA>Amor",S
436764,"2012 FB57",,"NEA>Amor",V
,"2011 JK",,"NEA>Amor",V
490791,"2010 VE1",,"NEA>Amor",C
184266,"2004 VW14",,"NEA>Apollo",V
436764,"2012 FB57",,"NEA>Amor",V
223456,"2003 UB10",,"NEA>Amor",S
,"2014 CJ14",,"NEA>Amor",C
,"2008 FN6",,"NEA>Amor",S
,"2007 US12",,"NEA>Aten",V
223456,"2003 UB10",,"NEA>Amor",S
8201,"1994 AH2",,"NEA>Apollo",V
,"2008 OS7",,"NEA>Apollo",C
223456,"2003 UB10",,"NEA>Amor",S
445974,"2013 BJ18",,"NEA>Apollo",C
,"2004 RX109",,"NEA>Apollo",C
,"2008 GX",,"NEA>Amor",V
,"2007 TR24",,"NEA>Apollo",D
446826,"2001 PE1",,"NEA>Amor",C
,"2014 EQ12",,"NEA>Apollo",U
,"2000 VA45",,"NEA>Amor",U
164214,"2004 LZ11",,"NEA>Amor",S
,"2008 GX",,"NEA>Amor",V
,"2009 VZ39",,"NEA>Apollo",U
445974,"2013 BJ18",,"NEA>Apollo",C
,"2012 BM86",,"NEA>Apollo",U
203471,"2002 AU4",,"NEA>Aten",B
,"2006 SE6",,"NEA>Aten",B
345646,"2006 TN",,"NEA>Amor",C
,"2014 GY48",,"NEA>Apollo",D
,"2008 NU",,"NEA>Amor",C
445974,"2013 BJ18",,"NEA>Apollo",C
,"2012 SB22",,"NEA>Amor",U
451003,"2008 UD1",,"NEA>Apollo",V
528284,"2008 SW11",,"NEA>Apollo",C
345646,"2006 TN",,"NEA>Amor",C
445974,"2013 BJ18",,"NEA>Apollo",C
,"2019 VF6",,"NEA>Apollo",V
,"2008 OX8",,"NEA>Amor",C
,"2012 CP2",,"NEA>Amor",V
,"2008 TA1",,"NEA>Apollo",V
3200,"Phaethon",,"NEA>Apollo",B
,"2014 WJ70",,"NEA>Amor",U
,"2010 CM",,"NEA>Amor",U
,"2011 WP46",,"NEA>Amor",B
,"2011 AG5",,"NEA>Apollo",U
96744,"1999 OW3",,"NEA>Apollo",V
474574,"2004 FG1",,"NEA>Amor",V
,"2008 SN1",,"NEA>Amor",C
223456,"2003 UB10",,"NEA>Amor",S
,"2016 BX14",,"NEA>Apollo",U
,"2015 XB379",,"NEA>Amor",U
162416,"2000 EH26",,"NEA>Apollo",V
,"2013 AT72",,"NEA>Aten",U
96744,"1999 OW3",,"NEA>Apollo",V
,"2013 BJ18",,"NEA>Apollo",C
,"2016 PF8",,"NEA>Apollo",D
,"2014 UR116",,"NEA>Apollo",U
223456,"2003 UB10",,"NEA>Amor",S
,"2014 OD338",,"NEA>Amor",U
,"2008 FN6",,"NEA>Amor",S
420187,"2011 GA55",,"NEA>Amor",U
,"2011 UX192",,"NEA>Apollo",B
,"Pan",,"NEA>Apollo",S
489486,"2007 GS3",,"NEA>Apollo",V
163694,"2003 DP13",,"NEA>Amor",V
,"2001 XS30",,"NEA>Apollo",C
481790,"2008 TF4",,"NEA>Amor",V
54690,"2001 EB",,"NEA>Amor",S
,"2014 YS34",,"NEA>Apollo",V
339715,"2005 SS4",,"NEA>Apollo",V
192642,"1999 RD32",,"NEA>Apollo",C
106589,"2000 WN107",,"NEA>Apollo",X
162416,"2000 EH26",,"NEA>Apollo",V
,"2008 JT19",,"NEA>Amor",V
14402,"1991 DB",,"NEA>Amor",V
,"2010 WF3",,"NEA>Apollo",C
4450,"Pan",,"NEA>Apollo",S
,"2008 NU",,"NEA>Amor",C
,"2015 DE176",,"NEA>Apollo",V
285990,"2001 SK9",,"NEA>Apollo",C
516398,"2001 HW15",,"NEA>Amor",V
14402,"1991 DB",,"NEA>Amor",V
,"2019 TN",,"NEA>Apollo",U
,"2008 SX7",,"NEA>Amor",V
223456,"2003 UB10",,"NEA>Amor",S
243566,"1995 SA",,"NEA>Apollo",V
,"2005 HM3",,"NEA>Amor",U
106589,"2000 WN107",,"NEA>Apollo",X
,"2010 WF3",,"NEA>Apollo",C
14402,"1991 DB",,"NEA>Amor",V
476187,"2007 UQ13",,"NEA>Apollo",U
106589,"2000 WN107",,"NEA>Apollo",X
,"2008 AM33",,"NEA>Amor",U
223456,"2003 UB10",,"NEA>Amor",S
,"2014 YS34",,"NEA>Apollo",V
,"4788 P-L",,"NEA>Amor",V
274855,"2009 RB4",,"NEA>Amor",S
106589,"2000 WN107",,"NEA>Apollo",X
154276,"2002 SY50",,"NEA>Apollo",S
,"2004 RS25",,"NEA>Amor",X
,"2004 GY",,"NEA>Amor",D
,"2013 WN67",,"NEA>Amor",V
,"2017 YN6",,"NEA>Apollo",U
485051,"2010 CM44",,"NEA>Amor",U
274855,"2009 RB4",,"NEA>Amor",S
,"2005 AT42",,"NEA>Amor",V
145656,"4788 P-L",,"NEA>Amor",V
,"2005 AT42",,"NEA>Amor",V
171819,"2001 FZ6",,"NEA>Amor",U
,"2006 UL185",,"NEA>Aten",V
,"1999 FQ5",,"NEA>Amor",S
,"2005 UF1",,"NEA>Amor",C
154276,"2002 SY50",,"NEA>Apollo",S
,"2008 JT19",,"NEA>Amor",V
477248,"2009 SV",,"NEA>Amor",V
,"2001 JV1",,"NEA>Apollo",V
313538,"2002 YB12",,"NEA>Apollo",C
16816,"1997 UF9",,"NEA>Apollo",S
106589,"2000 WN107",,"NEA>Apollo",X
,"2005 AT42",,"NEA>Amor",V
274855,"2009 RB4",,"NEA>Amor",S
275558,"1999 RH33",,"NEA>Amor",S
416567,"2004 EB",,"NEA>Amor",U
,"1999 TF5",,"NEA>Apollo",C
528284,"2008 SW11",,"NEA>Apollo",C
,"2014 FX",,"NEA>Amor",V
,"2002 PG80",,"NEA>Amor",V
,"2001 SJ262",,"NEA>Amor",C
,"2008 AG33",,"NEA>Apollo",D
,"2004 RS25",,"NEA>Amor",X
,"2004 XJ35",,"NEA>Amor",S
275558,"1999 RH33",,"NEA>Amor",S
243566,"1995 SA",,"NEA>Apollo",V
,"1999 TF5",,"NEA>Apollo",C
,"2018 XR",,"NEA>Apollo",V
,"2007 EK88",,"NEA>Amor",V
244670,"2003 KN18",,"NEA>Apollo",S
96744,"1999 OW3",,"NEA>Apollo",V
,"2004 XJ35",,"NEA>Amor",S
,"2016 LS9",,"NEA>Amor",V
380524,"2004 GY",,"NEA>Amor",D
344143,"2000 JQ3",,"NEA>Amor",S
,"2007 EK88",,"NEA>Amor",V
,"1995 YR1",,"NEA>Apollo",V
,"2016 LS9",,"NEA>Amor",V
277475,"2005 WK4",,"NEA>Apollo",U
,"2007 EK88",,"NEA>Amor",V
244670,"2003 KN18",,"NEA>Apollo",S
418135,"2008 AG33",,"NEA>Apollo",D
,"2012 MK6",,"NEA>Amor",V
380524,"2004 GY",,"NEA>Amor",D
,"1998 FM9",,"NEA>Amor",U
,"2006 UD63",,"NEA>Amor",V
,"2001 SJ262",,"NEA>Amor",C
,"2019 AV2",,"NEA>Apollo",U
,"2016 CS29",,"NEA>Apollo",C
495168,"2012 HC34",,"NEA>Amor",V
,"2002 UK11",,"NEA>Apollo",V
274855,"2009 RB4",,"NEA>Amor",S
,"1991 TF3",,"NEA>Apollo",K
,"2007 GZ5",,"NEA>Amor",V
,"2002 UK11",,"NEA>Apollo",V
274855,"2009 RB4",,"NEA>Amor",S
170013,"2002 UO3",,"NEA>Apollo",C
,"2001 HW15",,"NEA>Amor",V
,"2007 TQ24",,"NEA>Aten",U
16816,"1997 UF9",,"NEA>Apollo",S
,"2000 FP10",,"NEA>Amor",U
,"2014 KN76",,"NEA>Apollo",S
,"2007 GZ5",,"NEA>Amor",V
255501,"2006 BG",,"NEA>Apollo",C
,"2015 TY237",,"NEA>Apollo",V
,"2012 SZ49",,"NEA>Amor",U
16816,"1997 UF9",,"NEA>Apollo",S
,"2014 KN76",,"NEA>Apollo",S
,"2008 LQ16",,"NEA>Apollo",V
503871,"2000 SL",,"NEA>Apollo",S
498068,"2007 RT146",,"NEA>Apollo",S
446862,"2001 VB76",,"NEA>Apollo",V
,"2013 TF6",,"NEA>Apollo",U
,"2013 BO76",,"NEA>Apollo",U
,"2007 DM41",,"NEA>Apollo",U
85182,"1991 AQ",,"NEA>Apollo",U
,"2011 YU62",,"NEA>Apollo",V
452334,"2001 LB",,"NEA>Apollo",C
434500,"2005 SB71",,"NEA>Apollo",V
,"2000 TL1",,"NEA>Apollo",U
434500,"2005 SB71",,"NEA>Apollo",V
,"2015 TY237",,"NEA>Apollo",V
170903,"2004 WS2",,"NEA>Apollo",U
161998,"1988 PA",,"NEA>Amor",S
503871,"2000 SL",,"NEA>Apollo",S
434500,"2005 SB71",,"NEA>Apollo",V
,"2005 AT42",,"NEA>Amor",V
236716,"2007 FV42",,"NEA>Amor",S
,"2006 GW2",,"NEA>Amor",S
161998,"1988 PA",,"NEA>Amor",S
376778,"2000 JY8",,"NEA>Amor",D
,"2009 SK104",,"NEA>Amor",C
185851,"2000 DP107",,"NEA>Apollo",U
,"2015 XW261",,"NEA>Apollo",U
171486,"1996 MO",,"NEA>Apollo",V
304293,"2006 SQ78",,"NEA>Apollo",V
205744,"2002 BK25",,"NEA>Apollo",D
,"2008 LQ16",,"NEA>Apollo",V
,"2013 QH10",,"NEA>Amor",U
523813,"2008 VB1",,"NEA>Apollo",V
,"2008 LQ16",,"NEA>Apollo",V
,"2002 WW17",,"NEA>Amor",B
488515,"2001 FE90",,"NEA>Apollo",S
450894,"2008 BT18",,"NEA>Apollo",V
,"2008 LQ16",,"NEA>Apollo",V
361689,"2007 VY7",,"NEA>Apollo",S
,"2010 VC72",,"NEA>Apollo",U
498068,"2007 RT146",,"NEA>Apollo",S
450894,"2008 BT18",,"NEA>Apollo",V
498918,"2009 BF",,"NEA>Amor",U
431776,"2008 JQ24",,"NEA>Amor",V
450894,"2008 BT18",,"NEA>Apollo",V
,"2007 US12",,"NEA>Aten",V
,"2012 ES14",,"NEA>Apollo",U
463360,"2012 TU",,"NEA>Amor",U
163692,"2003 CY18",,"NEA>Apollo",V
,"2010 WY8",,"NEA>Amor",S
,"2006 SH7",,"NEA>Amor",C
,"2005 UJ1",,"NEA>Amor",U
136849,"1998 CS1",,"NEA>Apollo",D
,"2010 WY8",,"NEA>Amor",S
1221,"Amor",,"NEA>Amor",D
,"2007 VT6",,"NEA>Apollo",X
,"2008 BT18",,"NEA>Apollo",V
136849,"1998 CS1",,"NEA>Apollo",D
1221,"Amor",,"NEA>Amor",D
,"2017 CH1",,"NEA>Apollo",U
,"Vinciguerra",,"NEA>Amor",D
136839,"1997 WT22",,"NEA>Amor",S
523813,"2008 VB1",,"NEA>Apollo",V
361689,"2007 VY7",,"NEA>Apollo",S
383610,"2007 JJ35",,"NEA>Amor",V
,"2009 BB",,"NEA>Apollo",V
,"2011 JW10",,"NEA>Amor",U
523813,"2008 VB1",,"NEA>Apollo",V
,"2001 FE90",,"NEA>Apollo",S
106589,"2000 WN107",,"NEA>Apollo",X
106589,"2000 WN107",,"NEA>Apollo",X
523806,"2002 WW17",,"NEA>Amor",B
361689,"2007 VY7",,"NEA>Apollo",S
,"2016 VS5",,"NEA>Apollo",B
481127,"2005 UJ6",,"NEA>Apollo",B
,"2017 DS35",,"NEA>Amor",V
523804,"2000 YF29",,"NEA>Apollo",U
415746,"2000 JN10",,"NEA>Amor",S
,"2002 RC118",,"NEA>Amor",B
31210,"1998 BX7",,"NEA>Amor",B
,"2014 UQ56",,"NEA>Apollo",V
468813,"2012 OT5",,"NEA>Amor",C
,"2002 RC118",,"NEA>Amor",B
212546,"2006 SV19",,"NEA>Amor",S
416217,"2002 VD118",,"NEA>Amor",U
,"2007 DT103",,"NEA>Apollo",U
498068,"2007 RT146",,"NEA>Apollo",S
523806,"2002 WW17",,"NEA>Amor",B
136849,"1998 CS1",,"NEA>Apollo",D
106589,"2000 WN107",,"NEA>Apollo",X
468813,"2012 OT5",,"NEA>Amor",C
383610,"2007 JJ35",,"NEA>Amor",V
106589,"2000 WN107",,"NEA>Apollo",X
,"2014 YP15",,"NEA>Apollo",U
,"2014 WF497",,"NEA>Apollo",U
361689,"2007 VY7",,"NEA>Apollo",S
106589,"2000 WN107",,"NEA>Apollo",X
415746,"2000 JN10",,"NEA>Amor",S
250162,"2002 TY57",,"NEA>Amor",S
212546,"2006 SV19",,"NEA>Amor",S
,"2005 UJ6",,"NEA>Apollo",B
498068,"2007 RT146",,"NEA>Apollo",S
,"2016 VH3",,"NEA>Apollo",S
,"2005 VE7",,"NEA>Apollo",S
,"2011 NZ",,"NEA>Amor",U
523813,"2008 VB1",,"NEA>Apollo",V
,"2000 NQ11",,"NEA>Amor",S
154278,"2002 TB9",,"NEA>Apollo",S
,"2013 HR11",,"NEA>Amor",D
374158,"2004 UL",,"NEA>Apollo",U
,"2000 QV7",,"NEA>Apollo",U
,"2009 BB",,"NEA>Apollo",V
,"2010 GA34",,"NEA>Amor",V
,"2015 DP155",,"NEA>Amor",U
415746,"2000 JN10",,"NEA>Amor",S
240320,"2003 HS42",,"NEA>Amor",V
212546,"2006 SV19",,"NEA>Amor",S
,"2013 HR11",,"NEA>Amor",D
,"2014 UQ56",,"NEA>Apollo",V
,"2006 SH7",,"NEA>Amor",C
96536,"1998 SO10",,"NEA>Apollo",V
498068,"2007 RT146",,"NEA>Apollo",S
1221,"Amor",,"NEA>Amor",D
250162,"2002 TY57",,"NEA>Amor",S
,"2010 DB34",,"NEA>Amor",V
,"2002 RO137",,"NEA>Amor",U
523806,"2002 WW17",,"NEA>Amor",B
106589,"2000 WN107",,"NEA>Apollo",X
,"2000 NQ11",,"NEA>Amor",S
96536,"1998 SO10",,"NEA>Apollo",V
,"2008 YX32",,"NEA>Apollo",V
212546,"2006 SV19",,"NEA>Amor",S
,"2013 HR11",,"NEA>Amor",D
1221,"Amor",,"NEA>Amor",D
523806,"2002 WW17",,"NEA>Amor",B
,"2014 QJ433",,"NEA>Apollo",V
,"2015 TY237",,"NEA>Apollo",V
236716,"2007 FV42",,"NEA>Amor",S
468813,"2012 OT5",,"NEA>Amor",C
1221,"Amor",,"NEA>Amor",D
,"2014 QX432",,"NEA>Apollo",C
,"2015 FM34",,"NEA>Apollo",U
523806,"2002 WW17",,"NEA>Amor",B
333755,"2010 VC1",,"NEA>Apollo",C
347634,"2001 SW269",,"NEA>Apollo",D
523813,"2008 VB1",,"NEA>Apollo",V
212546,"2006 SV19",,"NEA>Amor",S
456651,"2007 RT19",,"NEA>Amor",D
,"Amor",,"NEA>Amor",D
,"2014 LW21",,"NEA>Amor",V
409342,"2004 XM35",,"NEA>Amor",D
,"2006 SH7",,"NEA>Amor",C
333755,"2010 VC1",,"NEA>Apollo",C
,"2008 VB1",,"NEA>Apollo",V
479345,"2013 WY67",,"NEA>Apollo",V
,"2011 UX192",,"NEA>Apollo",B
,"2008 VB1",,"NEA>Apollo",V
,"2005 UJ6",,"NEA>Apollo",B
194268,"2001 UY4",,"NEA>Apollo",B
,"2000 NQ11",,"NEA>Amor",S
,"2013 HR11",,"NEA>Amor",D
501878,"2014 WF365",,"NEA>Apollo",C
,"2006 DT14",,"NEA>Apollo",U
,"2006 TU7",,"NEA>Aten",S
326683,"2002 WP",,"NEA>Amor",U
498068,"2007 RT146",,"NEA>Apollo",S
,"2006 TU7",,"NEA>Aten",S
,"2011 LA19",,"NEA>Apollo",U
,"2006 TU7",,"NEA>Aten",S
456651,"2007 RT19",,"NEA>Amor",D
,"2015 TY237",,"NEA>Apollo",V
354030,"2001 RB18",,"NEA>Amor",B
,"2000 NQ11",,"NEA>Amor",S
523806,"2002 WW17",,"NEA>Amor",B
212546,"2006 SV19",,"NEA>Amor",S
,"2014 LW21",,"NEA>Amor",V
501878,"2014 WF365",,"NEA>Apollo",C
236716,"2007 FV42",,"NEA>Amor",S
,"2000 NQ11",,"NEA>Amor",S
,"2014 QX432",,"NEA>Apollo",C
,"2013 FK",,"NEA>Apollo",U
481127,"2005 UJ6",,"NEA>Apollo",B
96536,"1998 SO10",,"NEA>Apollo",V
,"2012 FB57",,"NEA>Amor",V
,"2000 NQ11",,"NEA>Amor",S
,"2014 QX432",,"NEA>Apollo",C
236716,"2007 FV42",,"NEA>Amor",S
96536,"1998 SO10",,"NEA>Apollo",V
53319,"1999 JM8",,"NEA>Apollo",X
,"2016 CS29",,"NEA>Apollo",C
,"2008 YX32",,"NEA>Apollo",V
415746,"2000 JN10",,"NEA>Amor",S
53319,"1999 JM8",,"NEA>Apollo",X
,"2007 DZ40",,"NEA>Apollo",V
,"2000 NQ11",,"NEA>Amor",S
,"2013 HR11",,"NEA>Amor",D
,"2005 SX4",,"NEA>Amor",S
136839,"1997 WT22",,"NEA>Amor",S
,"2001 SJ262",,"NEA>Amor",C
,"2018 XR",,"NEA>Apollo",V
,"2009 XE11",,"NEA>Amor",V
,"2009 QO5",,"NEA>Amor",C
,"2014 QX432",,"NEA>Apollo",C
405189,"2003 BO1",,"NEA>Amor",V
,"2000 NQ11",,"NEA>Amor",S
136839,"1997 WT22",,"NEA>Amor",S
415746,"2000 JN10",,"NEA>Amor",S
212546,"2006 SV19",,"NEA>Amor",S
,"2015 HV171",,"NEA>Amor",V
,"2016 PF8",,"NEA>Apollo",D
,"2004 TU11",,"NEA>Amor",C
,"2013 HR11",,"NEA>Amor",D
,"1998 KH9",,"NEA>Amor",D
415746,"2000 JN10",,"NEA>Amor",S
136839,"1997 WT22",,"NEA>Amor",S
,"2013 HR11",,"NEA>Amor",D
481127,"2005 UJ6",,"NEA>Apollo",B
525231,"2004 VB",,"NEA>Apollo",S
,"2016 BP15",,"NEA>Amor",V
,"2007 BS2",,"NEA>Amor",U
523806,"2002 WW17",,"NEA>Amor",B
479345,"2013 WY67",,"NEA>Apollo",V
,"2007 RU12",,"NEA>Amor",S
,"1999 LD30",,"NEA>Amor",U
,"2016 VH3",,"NEA>Apollo",S
,"2000 LF6",,"NEA>Amor",V
,"2011 WP46",,"NEA>Amor",B
,"2012 VN82",,"NEA>Apollo",U
5587,"1990 SB",,"NEA>Amor",S
,"2007 RU12",,"NEA>Amor",S
,"2005 UT64",,"NEA>Apollo",C
,"1998 KH9",,"NEA>Amor",D
523806,"2002 WW17",,"NEA>Amor",B
326742,"2003 QN47",,"NEA>Amor",S
,"2005 UT64",,"NEA>Apollo",C
350513,"2000 BG19",,"NEA>Amor",U
,"2018 XR",,"NEA>Apollo",V
26760,"2001 KP41",,"NEA>Amor",X
26760,"2001 KP41",,"NEA>Amor",X
26760,"2001 KP41",,"NEA>Amor",X
,"2013 HR11",,"NEA>Amor",D
441823,"2009 QO5",,"NEA>Amor",C
520585,"2014 OA2",,"NEA>Amor",V
,"2009 BB",,"NEA>Apollo",V
,"2008 YX32",,"NEA>Apollo",V
,"2013 LE16",,"NEA>Apollo",U
212546,"2006 SV19",,"NEA>Amor",S
137064,"1998 WP5",,"NEA>Amor",S
,"2004 MD",,"NEA>Apollo",U
357058,"2001 OG25",,"NEA>Amor",U
236716,"2007 FV42",,"NEA>Amor",S
137064,"1998 WP5",,"NEA>Amor",S
,"2005 YW93",,"NEA>Amor",U
719,"Albert",,"NEA>Amor",X
,"2019 FM",,"NEA>Amor",U
523806,"2002 WW17",,"NEA>Amor",B
137064,"1998 WP5",,"NEA>Amor",S
212546,"2006 SV19",,"NEA>Amor",S
5587,"1990 SB",,"NEA>Amor",S
,"2012 NP",,"NEA>Amor",S
,"2000 DV110",,"NEA>Amor",U
,"2007 DZ40",,"NEA>Apollo",V
,"2012 NP",,"NEA>Amor",S
,"2013 HR11",,"NEA>Amor",D
,"2006 SH7",,"NEA>Amor",C
,"2012 NP",,"NEA>Amor",S
520585,"2014 OA2",,"NEA>Amor",V
,"2014 DJ23",,"NEA>Apollo",V
,"2012 NP",,"NEA>Amor",S
,"2004 QG20",,"NEA>Amor",S
162273,"1999 VL12",,"NEA>Amor",S
,"2008 AG33",,"NEA>Apollo",D
479345,"2013 WY67",,"NEA>Apollo",V
511777,"2015 EZ",,"NEA>Apollo",V
523806,"2002 WW17",,"NEA>Amor",B
,"2012 NP",,"NEA>Amor",S
212546,"2006 SV19",,"NEA>Amor",S
10115,"1992 SK",,"NEA>Apollo",S
5587,"1990 SB",,"NEA>Amor",S
205744,"2002 BK25",,"NEA>Apollo",D
466508,"2014 GY48",,"NEA>Apollo",D
10115,"1992 SK",,"NEA>Apollo",S
236716,"2007 FV42",,"NEA>Amor",S
5587,"1990 SB",,"NEA>Amor",S
212546,"2006 SV19",,"NEA>Amor",S
255501,"2006 BG",,"NEA>Apollo",C
481127,"2005 UJ6",,"NEA>Apollo",B
,"2006 SH7",,"NEA>Amor",C
53429,"1999 TF5",,"NEA>Apollo",C
5587,"1990 SB",,"NEA>Amor",S
489337,"2006 UM",,"NEA>Amor",D
,"2016 BP15",,"NEA>Amor",V
236716,"2007 FV42",,"NEA>Amor",S
333755,"2010 VC1",,"NEA>Apollo",C
,"2005 CV38",,"NEA>Amor",D
523806,"2002 WW17",,"NEA>Amor",B
,"2003 UO25",,"NEA>Apollo",V
417264,"2006 AT2",,"NEA>Amor",U
466508,"2014 GY48",,"NEA>Apollo",D
,"2012 HS15",,"NEA>Amor",U
333755,"2010 VC1",,"NEA>Apollo",C
,"1999 TF5",,"NEA>Apollo",C
380981,"2006 SU131",,"NEA>Amor",U
523806,"2002 WW17",,"NEA>Amor",B
,"1999 TF5",,"NEA>Apollo",C
194268,"2001 UY4",,"NEA>Apollo",B
479345,"2013 WY67",,"NEA>Apollo",V
65803,"Didymos",,"NEA>Apollo",C
,"2012 NP",,"NEA>Amor",S
361123,"2006 GW2",,"NEA>Amor",S
,"2012 VK76",,"NEA>Apollo",V
361123,"2006 GW2",,"NEA>Amor",S
161998,"1988 PA",,"NEA>Amor",S
212546,"2006 SV19",,"NEA>Amor",S
508967,"2004 VC17",,"NEA>Apollo",V
275558,"1999 RH33",,"NEA>Amor",S
275558,"1999 RH33",,"NEA>Amor",S
479345,"2013 WY67",,"NEA>Apollo",V
523802,"1998 KH9",,"NEA>Amor",D
138847,"2000 VE62",,"NEA>Amor",S
,"2012 VK76",,"NEA>Apollo",V
,"2017 DS35",,"NEA>Amor",V
,"2006 SH7",,"NEA>Amor",C
14402,"1991 DB",,"NEA>Amor",V
253106,"2002 UR3",,"NEA>Apollo",B
479345,"2013 WY67",,"NEA>Apollo",V
212546,"2006 SV19",,"NEA>Amor",S
14402,"1991 DB",,"NEA>Amor",V
,"1998 KH9",,"NEA>Amor",D
470975,"2009 SC15",,"NEA>Amor",V
14402,"1991 DB",,"NEA>Amor",V
212546,"2006 SV19",,"NEA>Amor",S
479345,"2013 WY67",,"NEA>Apollo",V
236716,"2007 FV42",,"NEA>Amor",S
138847,"2000 VE62",,"NEA>Amor",S
345853,"2007 PU11",,"NEA>Amor",S
399774,"2005 NB7",,"NEA>Apollo",V
,"2018 XR",,"NEA>Apollo",V
,"1998 KH9",,"NEA>Amor",D
161995,"1983 LB",,"NEA>Amor",D
399774,"2005 NB7",,"NEA>Apollo",V
,"2006 UN216",,"NEA>Amor",U
225416,"1999 YC",,"NEA>Apollo",C
285990,"2001 SK9",,"NEA>Apollo",C
345853,"2007 PU11",,"NEA>Amor",S
,"2018 XR",,"NEA>Apollo",V
,"2019 AZ13",,"NEA>Amor",V
333889,"1998 SV4",,"NEA>Aten",C
,"2006 SV19",,"NEA>Amor",S
528804,"2009 BJ58",,"NEA>Apollo",U
513182,"2005 CV38",,"NEA>Amor",D
,"2007 AH12",,"NEA>Amor",V
479345,"2013 WY67",,"NEA>Apollo",V
,"2005 LZ42",,"NEA>Amor",C
,"2007 AH12",,"NEA>Amor",V
,"2008 YX32",,"NEA>Apollo",V
252373,"2001 SA270",,"NEA>Apollo",V
,"2000 NQ11",,"NEA>Amor",S
,"2019 WM4",,"NEA>Apollo",U
,"2005 RK3",,"NEA>Apollo",C
,"2000 NQ11",,"NEA>Amor",S
225416,"1999 YC",,"NEA>Apollo",C
,"2000 NQ11",,"NEA>Amor",S
,"2000 NQ11",,"NEA>Amor",S
441823,"2009 QO5",,"NEA>Amor",C
,"2004 XO29",,"NEA>Apollo",V
481127,"2005 UJ6",,"NEA>Apollo",B
,"2000 NQ11",,"NEA>Amor",S
252373,"2001 SA270",,"NEA>Apollo",V
,"2000 NQ11",,"NEA>Amor",S
523802,"1998 KH9",,"NEA>Amor",D
5587,"1990 SB",,"NEA>Amor",S
,"2000 NQ11",,"NEA>Amor",S
,"2013 WY67",,"NEA>Apollo",V
523802,"1998 KH9",,"NEA>Amor",D
481127,"2005 UJ6",,"NEA>Apollo",B
,"2006 SP198",,"NEA>Amor",B
225416,"1999 YC",,"NEA>Apollo",C
,"1998 KH9",,"NEA>Amor",D
,"2006 SP198",,"NEA>Amor",B
225416,"1999 YC",,"NEA>Apollo",C
,"2006 HB",,"NEA>Amor",U
,"2011 ED78",,"NEA>Amor",U
523802,"1998 KH9",,"NEA>Amor",D
276392,"2002 XH4",,"NEA>Amor",S
455956,"2005 VE",,"NEA>Apollo",S
489337,"2006 UM",,"NEA>Amor",D
,"2011 YU62",,"NEA>Apollo",V
,"2011 YU62",,"NEA>Apollo",V
479345,"2013 WY67",,"NEA>Apollo",V
,"2008 YX32",,"NEA>Apollo",V
,"2011 YU62",,"NEA>Apollo",V
489337,"2006 UM",,"NEA>Amor",D
,"1995 SA",,"NEA>Apollo",V
,"2011 YU62",,"NEA>Apollo",V
,"2006 SH7",,"NEA>Amor",C
162215,"1999 TL12",,"NEA>Apollo",S
,"2005 NB7",,"NEA>Apollo",V
,"2011 YU62",,"NEA>Apollo",V
,"2005 LZ42",,"NEA>Amor",C
414429,"2009 DC43",,"NEA>Apollo",U
,"2007 VC191",,"NEA>Amor",V
189700,"2001 TA45",,"NEA>Amor",S
,"2008 YX32",,"NEA>Apollo",V
,"1998 KH9",,"NEA>Amor",D
,"2011 YU62",,"NEA>Apollo",V
,"2014 PT59",,"NEA>Amor",V
,"2011 YU62",,"NEA>Apollo",V
,"2013 MD8",,"NEA>Apollo",U
329291,"2000 JB6",,"NEA>Amor",D
202435,"2005 XH8",,"NEA>Apollo",V
,"2014 PT59",,"NEA>Amor",V
,"2009 WC52",,"NEA>Amor",U
329291,"2000 JB6",,"NEA>Amor",D
,"2014 PT59",,"NEA>Amor",V
,"2018 BN3",,"NEA>Amor",S
225416,"1999 YC",,"NEA>Apollo",C
,"2007 VC191",,"NEA>Amor",V
88264,"2001 KN20",,"NEA>Amor",S
,"2004 XO29",,"NEA>Apollo",V
,"2018 BN3",,"NEA>Amor",S
,"2011 YU62",,"NEA>Apollo",V
,"2008 YX32",,"NEA>Apollo",V
88264,"2001 KN20",,"NEA>Amor",S
225416,"1999 YC",,"NEA>Apollo",C
,"2006 OV5",,"NEA>Amor",D
417949,"2007 TB23",,"NEA>Apollo",S
162215,"1999 TL12",,"NEA>Apollo",S
225416,"1999 YC",,"NEA>Apollo",C
,"2005 RO33",,"NEA>Amor",S
524475,"2002 KJ4",,"NEA>Apollo",U
,"2007 VC191",,"NEA>Amor",V
,"2012 SW20",,"NEA>Apollo",V
417949,"2007 TB23",,"NEA>Apollo",S
,"2006 OV5",,"NEA>Amor",D
,"2005 RO33",,"NEA>Amor",S
,"2018 CZ2",,"NEA>Apollo",U
,"2014 PT59",,"NEA>Amor",V
479345,"2013 WY67",,"NEA>Apollo",V
303933,"2005 VQ",,"NEA>Apollo",V
479345,"2013 WY67",,"NEA>Apollo",V
,"Kadlu",,"NEA>Amor",U
,"2013 WY67",,"NEA>Apollo",V
479345,"2013 WY67",,"NEA>Apollo",V
,"2006 SH7",,"NEA>Amor",C
415710,"1998 WC2",,"NEA>Amor",S
,"2019 QD1",,"NEA>Apollo",U
,"2012 JB16",,"NEA>Amor",U
,"2010 BB3",,"NEA>Amor",U
,"2014 CJ14",,"NEA>Amor",C
,"2014 CJ14",,"NEA>Amor",C
480854,"2001 AO2",,"NEA>Amor",U
,"2009 CC3",,"NEA>Apollo",V
225416,"1999 YC",,"NEA>Apollo",C
,"2014 PT59",,"NEA>Amor",V
,"2009 OC",,"NEA>Amor",S
,"2005 RO33",,"NEA>Amor",S
,"2011 WO41",,"NEA>Apollo",U
,"2005 YP55",,"NEA>Amor",S
249816,"2001 FD90",,"NEA>Amor",V
256004,"2006 UP",,"NEA>Amor",S
225416,"1999 YC",,"NEA>Apollo",C
,"Dryope",,"NEA>Apollo",U
,"2014 LA27",,"NEA>Amor",S
,"2007 EF88",,"NEA>Amor",U
88264,"2001 KN20",,"NEA>Amor",S
285567,"2000 OM",,"NEA>Apollo",D
,"2011 SD173",,"NEA>Apollo",U
136773,"1996 TR6",,"NEA>Amor",U
276786,"2004 KD1",,"NEA>Amor",B
,"2014 AA33",,"NEA>Apollo",U
482344,"2011 WL15",,"NEA>Apollo",U
,"2008 BP16",,"NEA>Aten",U
,"2009 CT",,"NEA>Apollo",U
,"2008 EC69",,"NEA>Amor",V
,"2004 MP3",,"NEA>Amor",V
,"2004 MP3",,"NEA>Amor",V
38091,"1999 JT3",,"NEA>Amor",C
,"2017 AV3",,"NEA>Apollo",U
484517,"2008 EC69",,"NEA>Amor",V
136849,"1998 CS1",,"NEA>Apollo",D
162694,"2000 UH11",,"NEA>Aten",U
,"2017 MU7",,"NEA>Amor",U
530151,"2011 AW55",,"NEA>Apollo",S
5587,"1990 SB",,"NEA>Amor",S
5587,"1990 SB",,"NEA>Amor",S
,"2016 PM8",,"NEA>Amor",V
5587,"1990 SB",,"NEA>Amor",S
138859,"2000 WN63",,"NEA>Apollo",U
5587,"1990 SB",,"NEA>Amor",S
38091,"1999 JT3",,"NEA>Amor",C
,"2006 QS89",,"NEA>Amor",S
1580,"Betulia",,"NEA>Amor",B
,"2006 WP127",,"NEA>Apollo",C
,"2009 HD21",,"NEA>Apollo",U
435159,"2007 LQ19",,"NEA>Apollo",S
418900,"2009 BE2",,"NEA>Apollo",U
523636,"2010 EX119",,"NEA>Apollo",U
90373,"2003 SZ219",,"NEA>Amor",S
537342,"2015 KN120",,"NEA>Apollo",U
3838,"Epona",,"NEA>Apollo",C
,"2019 VF6",,"NEA>Apollo",V
,"2006 UB64",,"NEA>Apollo",D
,"2012 VZ36",,"NEA>Amor",U
385423,"2003 DE6",,"NEA>Amor",U
,"2014 QC433",,"NEA>Amor",U
,"2001 QM163",,"NEA>Apollo",U
,"2005 RC",,"NEA>Apollo",X
438429,"2006 WN1",,"NEA>Amor",C
,"Anteros",,"NEA>Amor",U
431107,"2006 GU",,"NEA>Amor",S
5587,"1990 SB",,"NEA>Amor",S
481532,"2007 LE",,"NEA>Apollo",U
,"2006 GU",,"NEA>Amor",S
309728,"2008 JF",,"NEA>Amor",V
,"2014 JN57",,"NEA>Amor",U
,"2009 QO",,"NEA>Amor",U
422638,"1994 CB",,"NEA>Apollo",U
,"2006 XH1",,"NEA>Amor",U
448972,"2011 YV15",,"NEA>Amor",U
142561,"2002 TX68",,"NEA>Amor",V
,"2018 BL3",,"NEA>Amor",U
425713,"2011 BK24",,"NEA>Amor",U
482488,"2012 SW20",,"NEA>Apollo",V
,"2014 XX31",,"NEA>Apollo",U
,"2003 WL25",,"NEA>Apollo",V
,"2006 XF2",,"NEA>Amor",U
177255,"2003 WC25",,"NEA>Amor",S
,"2003 TK2",,"NEA>Apollo",U
177255,"2003 WC25",,"NEA>Amor",S
137799,"1999 YB",,"NEA>Amor",U
,"2002 GD11",,"NEA>Amor",U
,"2001 NE13",,"NEA>Amor",U
5828,"1991 AM",,"NEA>Apollo",X
96315,"1997 AP10",,"NEA>Apollo",C
,"2002 RS129",,"NEA>Apollo",S
474179,"1999 VS6",,"NEA>Apollo",D
,"2011 AM12",,"NEA>Apollo",U
5324,"Lyapunov",,"NEA>Amor",V
,"2007 WB",,"NEA>Apollo",D
,"2004 QQ",,"NEA>Apollo",C
175114,"2004 QQ",,"NEA>Apollo",C
510190,"2011 CX7",,"NEA>Apollo",V
,"2011 BN24",,"NEA>Apollo",U
13651,"1997 BR",,"NEA>Apollo",S
11066,"Sigurd",,"NEA>Apollo",S
5324,"Lyapunov",,"NEA>Amor",V
162183,"1999 NB5",,"NEA>Apollo",V
,"2012 DH61",,"NEA>Amor",U
5646,"1990 TR",,"NEA>Amor",V
11066,"Sigurd",,"NEA>Apollo",S
,"2002 CX58",,"NEA>Apollo",U
318050,"2004 FC32",,"NEA>Amor",V
,"2004 EW9",,"NEA>Apollo",C
,"2015 FZ344",,"NEA>Amor",V
,"2002 UO",,"NEA>Apollo",V
,"2015 FZ344",,"NEA>Amor",V
7335,"1989 JA",,"NEA>Apollo",U
138883,"2000 YL29",,"NEA>Apollo",S
34613,"2000 UR13",,"NEA>Amor",S
,"2012 OE1",,"NEA>Amor",U
,"2015 TH323",,"NEA>Amor",V
,"2013 CW32",,"NEA>Aten",U
,"2017 KO4",,"NEA>Amor",U
4183,"Cuno",,"NEA>Apollo",S
,"2007 LA15",,"NEA>Amor",V
,"2010 KH",,"NEA>Amor",V
26760,"2001 KP41",,"NEA>Amor",X
,"2014 PT59",,"NEA>Amor",V
137802,"1999 YT",,"NEA>Amor",S
,"2000 JO78",,"NEA>Amor",V
31346,"1998 PB1",,"NEA>Amor",A
538648,"2016 FS6",,"NEA>Apollo",U
,"2003 AY2",,"NEA>Apollo",U
,"2019 KC4",,"NEA>Amor",U
,"2008 CC175",,"NEA>Aten",C
,"2011 PO1",,"NEA>Apollo",U
467527,"2007 LA15",,"NEA>Amor",V
467527,"2007 LA15",,"NEA>Amor",V
141053,"2001 XT1",,"NEA>Apollo",S
,"2013 YB48",,"NEA>Amor",D
31346,"1998 PB1",,"NEA>Amor",A
,"2001 UW17",,"NEA>Amor",D
525477,"2005 FC3",,"NEA>Apollo",V
,"2005 TR45",,"NEA>Amor",U
3271,"Ul",,"NEA>Amor",U
9856,"1991 EE",,"NEA>Apollo",V
9856,"1991 EE",,"NEA>Apollo",V
68548,"2001 XR31",,"NEA>Apollo",V
,"2003 YW1",,"NEA>Amor",V
9856,"1991 EE",,"NEA>Apollo",V
,"2016 NY15",,"NEA>Amor",U
,"2004 HC2",,"NEA>Apollo",U
507355,"2011 VV5",,"NEA>Apollo",U
,"Pygmalion",,"NEA>Amor",B
,"2001 UW17",,"NEA>Amor",D
456973,"2008 BS2",,"NEA>Apollo",D
,"2001 TA2",,"NEA>Apollo",U
,"2006 JU41",,"NEA>Amor",U
,"2011 BY59",,"NEA>Amor",U
,"2018 KF3",,"NEA>Amor",C
,"2016 EX27",,"NEA>Apollo",V
,"2009 CR4",,"NEA>Amor",U
,"2009 HV77",,"NEA>Amor",U
,"2014 TG17",,"NEA>Amor",S
,"2007 WU3",,"NEA>Apollo",U
,"2001 VJ5",,"NEA>Apollo",U
236716,"2007 FV42",,"NEA>Amor",S
534676,"2014 VK2",,"NEA>Apollo",U
,"2006 PB1",,"NEA>Amor",V
96189,"Pygmalion",,"NEA>Amor",B
,"1998 YW5",,"NEA>Apollo",V
,"Ondaatje",,"NEA>Amor",C
8507,"1991 CB1",,"NEA>Apollo",V
,"Ondaatje",,"NEA>Amor",C
,"2009 RM",,"NEA>Amor",U
,"2014 LN14",,"NEA>Amor",U
141053,"2001 XT1",,"NEA>Apollo",S
141053,"2001 XT1",,"NEA>Apollo",S
374855,"2006 VQ13",,"NEA>Apollo",V
442605,"2012 HY33",,"NEA>Apollo",B
,"Golombek",,"NEA>Amor",S
,"2017 XJ61",,"NEA>Apollo",U
,"2013 SL30",,"NEA>Amor",U
6456,"Golombek",,"NEA>Amor",S
,"2014 RZ11",,"NEA>Amor",U
172678,"2003 YM137",,"NEA>Apollo",X
138013,"2000 CN101",,"NEA>Apollo",S
6456,"Golombek",,"NEA>Amor",S
,"1998 MX5",,"NEA>Amor",U
2059,"Baboquivari",,"NEA>Amor",V
,"2007 PQ9",,"NEA>Amor",C
349928,"2009 WD106",,"NEA>Apollo",V
354713,"2005 SG19",,"NEA>Amor",V
442605,"2012 HY33",,"NEA>Apollo",B
354713,"2005 SG19",,"NEA>Amor",V
,"2015 FF35",,"NEA>Apollo",U
322652,"1999 JO8",,"NEA>Amor",D
,"2007 PQ9",,"NEA>Amor",C
,"2002 CC26",,"NEA>Amor",U
,"2009 SK104",,"NEA>Amor",C
,"2005 VE7",,"NEA>Apollo",S
,"2019 LK5",,"NEA>Amor",C
88264,"2001 KN20",,"NEA>Amor",S
,"2009 SK104",,"NEA>Amor",C
,"2019 LK5",,"NEA>Amor",C
,"2009 SK104",,"NEA>Amor",C
429736,"2011 MB2",,"NEA>Apollo",U
,"2014 DD23",,"NEA>Amor",V
,"2014 DD23",,"NEA>Amor",V
,"2014 DD23",,"NEA>Amor",V
,"2014 UD206",,"NEA>Amor",U
274138,"2008 FU6",,"NEA>Apollo",V
,"2009 ST19",,"NEA>Apollo",U
88264,"2001 KN20",,"NEA>Amor",S
,"2007 DB56",,"NEA>Amor",D
,"2000 JQ3",,"NEA>Amor",S
,"2006 HV57",,"NEA>Amor",U
387793,"2003 WL25",,"NEA>Apollo",V
,"2015 XE352",,"NEA>Apollo",U
5620,"Jasonwheeler",,"NEA>Amor",U
,"2017 BG32",,"NEA>Amor",V
,"2016 TS55",,"NEA>Amor",U
480823,"1998 YW5",,"NEA>Apollo",V
,"2004 UB",,"NEA>Apollo",U
,"2015 BJ514",,"NEA>Apollo",V
5189,"1990 UQ",,"NEA>Apollo",V
,"2018 GQ2",,"NEA>Amor",V
,"2018 GQ2",,"NEA>Amor",V
,"2006 WT29",,"NEA>Amor",D
,"2000 SJ8",,"NEA>Amor",U
,"2002 CQ11",,"NEA>Aten",V
,"2010 TP55",,"NEA>Apollo",V
111253,"2001 XU10",,"NEA>Apollo",S
228368,"2000 WK10",,"NEA>Apollo",U
,"2004 CR2",,"NEA>Amor",V
7088,"Ishtar",,"NEA>Amor",S
,"2008 QD1",,"NEA>Amor",U
,"2017 HH",,"NEA>Apollo",U
,"2006 YF",,"NEA>Apollo",D
375103,"2007 TD71",,"NEA>Apollo",V
459458,"2012 XR134",,"NEA>Apollo",U
21088,"Chelyabinsk",,"NEA>Amor",S
,"2002 HU11",,"NEA>Amor",C
,"2002 HU11",,"NEA>Amor",C
,"2016 TS92",,"NEA>Apollo",U
,"2010 KK127",,"NEA>Amor",V
318160,"2004 QZ2",,"NEA>Amor",V
212359,"2006 EV52",,"NEA>Apollo",C
,"2019 VM3",,"NEA>Apollo",U
217807,"2000 XK44",,"NEA>Amor",U
,"2004 QC17",,"NEA>Amor",U
,"2005 WF57",,"NEA>Amor",U
,"2003 NB",,"NEA>Amor",U
1863,"Antinous",,"NEA>Apollo",S
,"2019 PQ3",,"NEA>Amor",U
,"2000 SZ44",,"NEA>Amor",U
,"2013 ES89",,"NEA>Amor",U
138925,"2001 AU43",,"NEA>Amor",U
,"2003 CR20",,"NEA>Apollo",V
,"2012 WK4",,"NEA>Apollo",U
152931,"2000 EA107",,"NEA>Aten",V
,"2009 SU",,"NEA>Amor",U
456973,"2008 BS2",,"NEA>Apollo",D
175189,"2005 EC224",,"NEA>Amor",V
,"2016 WE1",,"NEA>Amor",U
,"2015 MO130",,"NEA>Amor",U
138971,"2001 CB21",,"NEA>Apollo",B
,"2016 KE",,"NEA>Amor",U
9856,"1991 EE",,"NEA>Apollo",V
164217,"2004 PT42",,"NEA>Amor",U
,"Doloreshill",,"NEA>Amor",V
111253,"2001 XU10",,"NEA>Apollo",S
,"2004 BD85",,"NEA>Amor",D
,"2019 YA4",,"NEA>Aten",U
137099,"1998 YW3",,"NEA>Apollo",V
514596,"2003 FG",,"NEA>Apollo",V
,"2003 HA22",,"NEA>Amor",U
,"2002 PG80",,"NEA>Amor",V
,"2006 OZ",,"NEA>Amor",U
,"2005 SF",,"NEA>Apollo",V
246138,"2007 OG3",,"NEA>Amor",V
162038,"1996 DH",,"NEA>Amor",S
,"2000 PG5",,"NEA>Amor",B
,"2005 SF",,"NEA>Apollo",V
488640,"2003 FR6",,"NEA>Amor",V
246138,"2007 OG3",,"NEA>Amor",V
,"2006 SO19",,"NEA>Apollo",U
,"2001 SR263",,"NEA>Amor",U
,"2004 FG11",,"NEA>Apollo",U
,"1993 QP",,"NEA>Amor",U
137099,"1998 YW3",,"NEA>Apollo",V
,"2007 CZ49",,"NEA>Amor",C
514596,"2003 FG",,"NEA>Apollo",V
483472,"2002 NX",,"NEA>Apollo",U
3988,"Huma",,"NEA>Amor",U
,"2001 QP181",,"NEA>Amor",U
4055,"Magellan",,"NEA>Amor",V
1916,"Boreas",,"NEA>Amor",S
,"2013 UG9",,"NEA>Amor",U
,"2014 WQ368",,"NEA>Amor",V
509569,"2008 CJ70",,"NEA>Amor",C
,"2017 GM7",,"NEA>Apollo",U
208617,"2002 EB3",,"NEA>Apollo",V
208617,"2002 EB3",,"NEA>Apollo",V
162038,"1996 DH",,"NEA>Amor",S
,"2011 CX7",,"NEA>Apollo",V
4055,"Magellan",,"NEA>Amor",V
,"2008 VH",,"NEA>Amor",U
415711,"1998 WT7",,"NEA>Amor",X
159504,"2000 WO67",,"NEA>Apollo",C
,"2015 AN193",,"NEA>Apollo",V
,"2014 UO33",,"NEA>Amor",U
,"1998 SG2",,"NEA>Amor",V
343158,"2009 HC82",,"NEA>Apollo",V
,"2019 LW1",,"NEA>Amor",V
,"2019 GP2",,"NEA>Amor",U
,"2010 VT11",,"NEA>Apollo",U
159856,"2004 JW6",,"NEA>Amor",U
137078,"1998 XZ4",,"NEA>Apollo",V
137078,"1998 XZ4",,"NEA>Apollo",V
495222,"2013 GU38",,"NEA>Amor",U
,"2005 UC",,"NEA>Amor",C
,"2007 RZ8",,"NEA>Amor",U
,"2010 VW98",,"NEA>Amor",U
,"2014 KE91",,"NEA>Amor",V
144411,"2004 EW9",,"NEA>Apollo",C
,"1997 QK1",,"NEA>Apollo",V
,"2015 GF27",,"NEA>Amor",V
4015,"Wilson-Harrington",,"NEA>Apollo",C
,"2012 GV17",,"NEA>Apollo",U
,"2010 VM1",,"NEA>Amor",U
,"2018 JQ1",,"NEA>Amor",V
,"2017 FL102",,"NEA>Apollo",U
,"2019 YQ",,"NEA>Amor",U
361689,"2007 VY7",,"NEA>Apollo",S
,"2009 FF19",,"NEA>Apollo",C
322775,"2001 HA8",,"NEA>Amor",V
111253,"2001 XU10",,"NEA>Apollo",S
451397,"2011 EZ78",,"NEA>Amor",V
,"2005 CL",,"NEA>Apollo",D
,"2002 EL6",,"NEA>Apollo",U
,"2014 YW34",,"NEA>Apollo",V
,"2011 WU95",,"NEA>Apollo",U
,"2007 MC24",,"NEA>Amor",V
,"2000 DO1",,"NEA>Apollo",U
,"2004 RS25",,"NEA>Amor",X
,"2014 YK9",,"NEA>Amor",S
,"2015 FP118",,"NEA>Apollo",S
,"2010 EH20",,"NEA>Amor",U
,"2017 WF30",,"NEA>Apollo",U
,"2009 FF19",,"NEA>Apollo",C
,"2007 TK15",,"NEA>Amor",U
,"2016 PX66",,"NEA>Amor",U
511520,"2014 QW296",,"NEA>Amor",V
,"1999 GT6",,"NEA>Amor",U
,"2005 FD",,"NEA>Apollo",V
,"2013 VO5",,"NEA>Apollo",V
99799,"2002 LJ3",,"NEA>Amor",V
,"2016 CB194",,"NEA>Apollo",X
,"2016 RW33",,"NEA>Amor",U
,"2014 QW296",,"NEA>Amor",V
,"2006 QS",,"NEA>Amor",S
,"1987 PA",,"NEA>Amor",V
511520,"2014 QW296",,"NEA>Amor",V
204131,"2003 YL",,"NEA>Apollo",V
,"2016 AH193",,"NEA>Apollo",D
204131,"2003 YL",,"NEA>Apollo",V
162038,"1996 DH",,"NEA>Amor",S
,"1998 YM4",,"NEA>Apollo",U
,"2017 VV14",,"NEA>Apollo",U
,"2012 RS16",,"NEA>Amor",S
,"2018 BO1",,"NEA>Apollo",V
,"2016 HX3",,"NEA>Amor",U
,"2016 UL41",,"NEA>Amor",U
,"2003 BQ35",,"NEA>Amor",D
,"2012 RS16",,"NEA>Amor",S
90373,"2003 SZ219",,"NEA>Amor",S
,"2018 KF3",,"NEA>Amor",C
190161,"2005 TJ174",,"NEA>Amor",C
,"1991 AM",,"NEA>Apollo",X
,"2014 JH78",,"NEA>Amor",U
,"2003 BD44",,"NEA>Apollo",V
210012,"2006 KT1",,"NEA>Amor",S
,"2013 BC70",,"NEA>Apollo",U
523665,"2012 RF15",,"NEA>Amor",U
,"2015 OR78",,"NEA>Amor",U
,"2003 CL18",,"NEA>Apollo",U
503871,"2000 SL",,"NEA>Apollo",S
,"2012 TB53",,"NEA>Amor",U
,"2001 RQ3",,"NEA>Amor",U
,"2019 YP4",,"NEA>Amor",V
,"2015 AA246",,"NEA>Apollo",C
,"2013 VO5",,"NEA>Apollo",V
,"2015 AA246",,"NEA>Apollo",C
86039,"1999 NC43",,"NEA>Apollo",S
,"2006 NM",,"NEA>Amor",U
349928,"2009 WD106",,"NEA>Apollo",V
155338,"2006 MZ1",,"NEA>Apollo",S
,"2015 TH323",,"NEA>Amor",V
381989,"2010 HR80",,"NEA>Apollo",V
349928,"2009 WD106",,"NEA>Apollo",V
86039,"1999 NC43",,"NEA>Apollo",S
,"2010 MR",,"NEA>Amor",U
,"2013 BH18",,"NEA>Amor",U
,"2008 UB",,"NEA>Amor",U
424482,"2008 DG5",,"NEA>Apollo",V
,"2000 CL33",,"NEA>Amor",V
,"2016 CB194",,"NEA>Apollo",X
,"2000 CL33",,"NEA>Amor",V
,"2002 XP40",,"NEA>Amor",S
,"2007 VK184",,"NEA>Apollo",U
,"2008 FS6",,"NEA>Amor",U
,"2014 YK9",,"NEA>Amor",S
,"2005 LV7",,"NEA>Amor",S
,"2005 LV7",,"NEA>Amor",S
488474,"1999 HD1",,"NEA>Apollo",C
26760,"2001 KP41",,"NEA>Amor",X
,"2012 MK6",,"NEA>Amor",V
,"2013 NJ",,"NEA>Apollo",U
,"2009 LX",,"NEA>Amor",D
,"2003 BQ35",,"NEA>Amor",D
331769,"2003 BQ35",,"NEA>Amor",D
,"2005 EF",,"NEA>Apollo",S
,"2017 FE128",,"NEA>Apollo",U
,"2012 DZ32",,"NEA>Amor",V
,"2016 CX247",,"NEA>Aten",V
,"2017 HW48",,"NEA>Amor",U
306462,"1999 RC32",,"NEA>Amor",U
314079,"2005 CV25",,"NEA>Apollo",U
,"2010 KK127",,"NEA>Amor",V
,"2014 KE45",,"NEA>Apollo",D
6455,"1992 HE",,"NEA>Apollo",S
267494,"2002 JB9",,"NEA>Apollo",V
6455,"1992 HE",,"NEA>Apollo",S
,"2013 TT135",,"NEA>Apollo",U
,"2007 WQ3",,"NEA>Amor",U
,"2002 CQ11",,"NEA>Aten",V
,"2018 MW6",,"NEA>Apollo",U
,"2008 ES",,"NEA>Apollo",U
,"2002 XP40",,"NEA>Amor",S
,"2006 OV5",,"NEA>Amor",D
,"2005 TJ174",,"NEA>Amor",C
474474,"2003 SJ215",,"NEA>Amor",U
26760,"2001 KP41",,"NEA>Amor",X
,"2016 LN1",,"NEA>Apollo",U
,"2019 XN1",,"NEA>Amor",U
,"2012 KJ18",,"NEA>Amor",V
,"2012 KJ18",,"NEA>Amor",V
,"Abhramu",,"NEA>Amor",U
517046,"2013 AA53",,"NEA>Apollo",U
,"1994 CK1",,"NEA>Apollo",V
495833,"2000 SB8",,"NEA>Amor",U
,"2011 OA",,"NEA>Amor",U
,"2005 PA17",,"NEA>Apollo",U
163373,"2002 PZ39",,"NEA>Apollo",C
,"2008 UM1",,"NEA>Apollo",U
,"2002 LT24",,"NEA>Aten",U
,"Hypnos",,"NEA>Apollo",V
535221,"2014 YN44",,"NEA>Amor",V
,"1998 QQ63",,"NEA>Amor",U
,"2014 KE45",,"NEA>Apollo",D
,"2009 KN4",,"NEA>Apollo",V
138846,"2000 VJ61",,"NEA>Apollo",C
535221,"2014 YN44",,"NEA>Amor",V
,"2012 GA5",,"NEA>Amor",V
481775,"2008 SX7",,"NEA>Amor",V
238063,"2003 EG",,"NEA>Apollo",V
159560,"2001 TO103",,"NEA>Amor",U
,"2013 AZ52",,"NEA>Apollo",U
353938,"1998 QR15",,"NEA>Amor",V
,"2018 BO1",,"NEA>Apollo",V
285944,"2001 RZ11",,"NEA>Amor",U
177016,"2003 BM47",,"NEA>Apollo",V
,"1998 SG2",,"NEA>Amor",V
,"1998 QR15",,"NEA>Amor",V
9856,"1991 EE",,"NEA>Apollo",V
,"2015 FP118",,"NEA>Apollo",S
329669,"2003 UD8",,"NEA>Amor",U
,"1987 PA",,"NEA>Amor",V
,"2001 SG10",,"NEA>Apollo",C
,"2002 PE130",,"NEA>Apollo",C
,"2009 XR2",,"NEA>Amor",U
427684,"2004 DH2",,"NEA>Aten",V
,"2001 FC58",,"NEA>Apollo",U
,"2016 OY2",,"NEA>Apollo",D
482796,"2013 QJ10",,"NEA>Aten",U
,"2003 MX2",,"NEA>Amor",V
,"2008 PL3",,"NEA>Amor",U
225312,"1996 XB27",,"NEA>Amor",V
144861,"2004 LA12",,"NEA>Apollo",C
206378,"2003 RB",,"NEA>Apollo",U
5645,"1990 SP",,"NEA>Apollo",X
,"Oze",,"NEA>Amor",V
,"2017 XK61",,"NEA>Apollo",U
,"2013 YM70",,"NEA>Amor",U
,"2004 FA18",,"NEA>Apollo",D
243298,"2008 EN82",,"NEA>Amor",S
,"2006 UA",,"NEA>Apollo",X
,"2002 AO11",,"NEA>Aten",U
363298,"2002 KL3",,"NEA>Apollo",U
,"2015 TW144",,"NEA>Amor",V
,"2015 TW144",,"NEA>Amor",V
,"2014 KE45",,"NEA>Apollo",D
27346,"2000 DN8",,"NEA>Amor",D
155334,"2006 DZ169",,"NEA>Amor",S
,"2016 CX247",,"NEA>Aten",V
,"2008 VA15",,"NEA>Apollo",C
,"2019 LG5",,"NEA>Amor",U
439908,"2000 XH47",,"NEA>Amor",V
,"2019 RD",,"NEA>Amor",U
1627,"Ivar",,"NEA>Amor",S
,"2015 YA10",,"NEA>Apollo",U
457059,"2008 EG",,"NEA>Aten",V
359242,"2009 FT",,"NEA>Apollo",U
,"2019 XJ3",,"NEA>Apollo",U
,"2009 HD82",,"NEA>Apollo",U
,"2005 JS108",,"NEA>Apollo",C
,"2012 MS4",,"NEA>Apollo",V
154589,"2003 MX2",,"NEA>Amor",V
537686,"2015 SA17",,"NEA>Amor",V
312956,"1997 CZ3",,"NEA>Apollo",V
,"1998 SE35",,"NEA>Amor",U
,"2004 BG41",,"NEA>Apollo",U
,"2001 PU9",,"NEA>Amor",U
,"2007 AE12",,"NEA>Apollo",U
1627,"Ivar",,"NEA>Amor",S
,"2003 HP32",,"NEA>Apollo",C
,"1989 VB",,"NEA>Apollo",U
,"1991 BN",,"NEA>Apollo",S
,"2010 GA34",,"NEA>Amor",V
,"2017 SQ2",,"NEA>Apollo",U
,"2005 EE",,"NEA>Apollo",U
32906,"1994 RH",,"NEA>Amor",S
,"2018 TS5",,"NEA>Amor",U
,"2009 HB",,"NEA>Apollo",U
,"2010 GZ6",,"NEA>Amor",S
,"2008 XA2",,"NEA>Apollo",U
136618,"1994 CN2",,"NEA>Apollo",S
,"2002 RV112",,"NEA>Amor",V
352102,"2007 AG12",,"NEA>Apollo",C
54690,"2001 EB",,"NEA>Amor",S
10145,"1994 CK1",,"NEA>Apollo",V
317212,"2002 CW46",,"NEA>Amor",D
,"2016 JN",,"NEA>Amor",U
,"2010 LF14",,"NEA>Amor",U
,"2010 HG20",,"NEA>Apollo",U
,"2015 NJ3",,"NEA>Apollo",V
,"1997 QK1",,"NEA>Apollo",V
,"2001 SG10",,"NEA>Apollo",C
1917,"Cuyo",,"NEA>Amor",S
,"2013 BG27",,"NEA>Amor",U
,"2007 DB56",,"NEA>Amor",D
,"2005 UC",,"NEA>Amor",C
,"2019 LX4",,"NEA>Apollo",U
,"2016 TX55",,"NEA>Amor",D
88213,"2001 AF2",,"NEA>Aten",U
,"2016 ON",,"NEA>Amor",U
,"2008 GE110",,"NEA>Amor",U
136618,"1994 CN2",,"NEA>Apollo",S
,"2005 QN11",,"NEA>Amor",U
438429,"2006 WN1",,"NEA>Amor",C
,"2015 XU168",,"NEA>Apollo",U
434188,"2003 AD23",,"NEA>Apollo",U
316695,"1996 TE9",,"NEA>Amor",V
385343,"2002 LV",,"NEA>Apollo",U
,"2004 PM2",,"NEA>Amor",U
,"2003 ND",,"NEA>Amor",U
,"2002 EY2",,"NEA>Apollo",S
141526,"2002 FA6",,"NEA>Apollo",V
,"2001 QK142",,"NEA>Amor",S
422787,"2001 WS1",,"NEA>Apollo",U
,"2016 OY2",,"NEA>Apollo",D
,"2008 JP14",,"NEA>Apollo",U
457768,"2009 KN4",,"NEA>Apollo",V
277810,"2006 FV35",,"NEA>Apollo",B
,"2006 UD63",,"NEA>Amor",V
,"2017 WK14",,"NEA>Apollo",U
530520,"2011 LT17",,"NEA>Apollo",U
,"2012 GS5",,"NEA>Apollo",U
,"1997 WQ23",,"NEA>Apollo",U
,"2015 NJ3",,"NEA>Apollo",V
,"2019 YY5",,"NEA>Apollo",U
154715,"2004 LB6",,"NEA>Apollo",V
,"2001 QK142",,"NEA>Amor",S
143381,"2003 BC21",,"NEA>Amor",X
,"2001 FA58",,"NEA>Apollo",U
163692,"2003 CY18",,"NEA>Apollo",V
162741,"2000 WG6",,"NEA>Amor",B
392704,"2012 AE1",,"NEA>Apollo",V
,"2008 CM116",,"NEA>Apollo",U
,"2005 CF41",,"NEA>Apollo",U
,"2000 PH6",,"NEA>Amor",C
,"2009 JL1",,"NEA>Apollo",U
329390,"2001 YP2",,"NEA>Amor",V
,"2008 CD22",,"NEA>Amor",U
225312,"1996 XB27",,"NEA>Amor",V
,"2008 VA15",,"NEA>Apollo",C
,"2003 DA16",,"NEA>Apollo",S
,"2013 RE21",,"NEA>Amor",U
53319,"1999 JM8",,"NEA>Apollo",X
329390,"2001 YP2",,"NEA>Amor",V
173561,"2000 YV137",,"NEA>Apollo",S
,"1999 FN19",,"NEA>Apollo",V
,"2008 ER",,"NEA>Apollo",V
,"2009 WM139",,"NEA>Amor",U
,"1999 FN19",,"NEA>Apollo",V
465617,"2009 EK1",,"NEA>Apollo",S
17274,"2000 LC16",,"NEA>Amor",U
,"2001 LD6",,"NEA>Amor",U
,"2010 KR10",,"NEA>Apollo",U
,"1997 QK1",,"NEA>Apollo",V
,"2000 CR101",,"NEA>Amor",U
,"2009 CT5",,"NEA>Apollo",U
153243,"2001 AU47",,"NEA>Apollo",V
,"2000 BH19",,"NEA>Amor",C
322705,"2000 DK8",,"NEA>Apollo",S
322705,"2000 DK8",,"NEA>Apollo",S
,"2003 AA3",,"NEA>Apollo",U
322652,"1999 JO8",,"NEA>Amor",D
,"2015 FP332",,"NEA>Apollo",U
,"2014 QX390",,"NEA>Amor",U
302523,"2002 KH3",,"NEA>Amor",U
276786,"2004 KD1",,"NEA>Amor",B
,"2004 LB6",,"NEA>Apollo",V
,"2005 PY16",,"NEA>Apollo",U
,"2019 ME2",,"NEA>Amor",U
,"2008 UE1",,"NEA>Amor",U
26310,"1998 TX6",,"NEA>Amor",V
,"2010 JL33",,"NEA>Apollo",V
155334,"2006 DZ169",,"NEA>Amor",S
,"2010 EW45",,"NEA>Apollo",V
,"2010 EW45",,"NEA>Apollo",V
,"2009 WH106",,"NEA>Apollo",U
,"2008 MR1",,"NEA>Amor",U
,"Rhiannon",,"NEA>Amor",X
238456,"2004 RK",,"NEA>Apollo",U
508905,"2003 WX87",,"NEA>Amor",S
,"2001 GR2",,"NEA>Apollo",D
315508,"2008 AB31",,"NEA>Amor",V
530151,"2011 AW55",,"NEA>Apollo",S
,"2001 GR2",,"NEA>Apollo",D
,"2001 GR2",,"NEA>Apollo",D
,"2010 CH55",,"NEA>Amor",U
162741,"2000 WG6",,"NEA>Amor",B
509520,"2007 WB",,"NEA>Apollo",D
86667,"2000 FO10",,"NEA>Aten",S
,"2005 HB",,"NEA>Amor",V
481965,"2009 EB1",,"NEA>Apollo",V
,"2007 WW4",,"NEA>Apollo",U
,"2016 NX32",,"NEA>Amor",U
85990,"1999 JV6",,"NEA>Apollo",X
86667,"2000 FO10",,"NEA>Aten",S
,"2007 EA26",,"NEA>Apollo",U
,"1999 LN28",,"NEA>Amor",U
,"2001 SZ269",,"NEA>Apollo",S
162741,"2000 WG6",,"NEA>Amor",B
136900,"1998 HL49",,"NEA>Apollo",V
,"2016 LM8",,"NEA>Apollo",V
388798,"2008 BU2",,"NEA>Apollo",U
16657,"1993 UB",,"NEA>Amor",S
,"2016 LM8",,"NEA>Apollo",V
,"2018 XW5",,"NEA>Amor",U
39565,"1992 SL",,"NEA>Amor",V
,"2002 AW",,"NEA>Apollo",V
,"2019 KH2",,"NEA>Amor",V
,"2002 TX55",,"NEA>Apollo",U
,"Nyx",,"NEA>Amor",V
719,"Albert",,"NEA>Amor",X
,"2019 BA1",,"NEA>Apollo",U
,"2007 MB4",,"NEA>Apollo",V
,"1998 HN3",,"NEA>Amor",U
501934,"2014 XT3",,"NEA>Amor",U
21277,"1996 TO5",,"NEA>Amor",S
267940,"2004 EM20",,"NEA>Apollo",U
,"1996 TE9",,"NEA>Amor",V
,"2012 RM2",,"NEA>Apollo",U
,"2012 BD124",,"NEA>Apollo",C
457260,"2008 RY24",,"NEA>Amor",S
457260,"2008 RY24",,"NEA>Amor",S
,"2006 CT",,"NEA>Apollo",V
420591,"2012 HF31",,"NEA>Apollo",V
,"2012 BD124",,"NEA>Apollo",C
159923,"2004 YJ32",,"NEA>Amor",S
,"2016 CA32",,"NEA>Apollo",V
154347,"2002 XK4",,"NEA>Apollo",D
,"2013 NZ23",,"NEA>Amor",U
385497,"2004 DD",,"NEA>Apollo",V
523779,"2015 AX16",,"NEA>Amor",D
,"2003 HP32",,"NEA>Apollo",C
376775,"2000 HW23",,"NEA>Amor",B
388189,"2006 DS14",,"NEA>Aten",U
,"2005 NE7",,"NEA>Apollo",C
523587,"1999 VQ11",,"NEA>Amor",U
,"2014 SD324",,"NEA>Amor",U
22753,"1998 WT",,"NEA>Apollo",B
,"2011 YQ10",,"NEA>Amor",U
,"2016 LU9",,"NEA>Amor",U
,"2010 EQ43",,"NEA>Amor",U
154020,"2002 CA10",,"NEA>Apollo",V
,"2009 BT5",,"NEA>Amor",V
,"2009 WD",,"NEA>Amor",U
,"2017 CJ1",,"NEA>Apollo",U
,"2019 YU2",,"NEA>Apollo",U
,"2004 HK33",,"NEA>Apollo",S
,"2005 CZ6",,"NEA>Amor",U
,"2012 FN62",,"NEA>Amor",U
,"2013 GZ7",,"NEA>Amor",U
,"2001 SZ269",,"NEA>Apollo",S
,"2007 TW68",,"NEA>Amor",C
,"2007 TW68",,"NEA>Amor",C
,"2013 CL89",,"NEA>Apollo",D
,"2013 LN31",,"NEA>Apollo",U
,"2013 CL89",,"NEA>Apollo",D
,"2012 UO138",,"NEA>Apollo",V
,"2008 GD",,"NEA>Apollo",U
,"2016 HD19",,"NEA>Apollo",V
,"2013 CV83",,"NEA>Apollo",U
,"2017 UY5",,"NEA>Apollo",V
361754,"2007 YV29",,"NEA>Apollo",C
,"2012 FL35",,"NEA>Apollo",U
,"2015 ET3",,"NEA>Amor",D
361754,"2007 YV29",,"NEA>Apollo",C
,"2012 US136",,"NEA>Apollo",V
100004,"1983 VA",,"NEA>Apollo",X
3199,"Nefertiti",,"NEA>Amor",S
100004,"1983 VA",,"NEA>Apollo",X
428681,"2008 JA8",,"NEA>Amor",V
,"2010 JL33",,"NEA>Apollo",V
483509,"2003 CH11",,"NEA>Amor",S
,"2013 VD13",,"NEA>Amor",V
,"2004 JN1",,"NEA>Apollo",U
,"2017 HT2",,"NEA>Apollo",U
,"2018 PQ23",,"NEA>Apollo",U
18109,"2000 NG11",,"NEA>Amor",D
,"2017 AM4",,"NEA>Amor",V
,"1998 ME3",,"NEA>Amor",U
,"2018 JA",,"NEA>Apollo",U
169352,"2001 UY16",,"NEA>Apollo",U
,"2014 HM178",,"NEA>Apollo",U
,"2013 XW3",,"NEA>Apollo",U
136923,"1998 JH2",,"NEA>Amor",S
,"2010 LR68",,"NEA>Amor",U
,"2020 BU3",,"NEA>Apollo",U
230599,"2003 FJ1",,"NEA>Apollo",U
,"1993 UD",,"NEA>Amor",U
,"2008 YZ32",,"NEA>Apollo",U
,"2016 WA9",,"NEA>Amor",V
,"2016 OY2",,"NEA>Apollo",D
154652,"2004 EP20",,"NEA>Apollo",V
,"2009 UP5",,"NEA>Amor",V
,"2009 UP5",,"NEA>Amor",V
,"2009 UP5",,"NEA>Amor",V
172034,"2001 WR1",,"NEA>Amor",S
,"2016 WA9",,"NEA>Amor",V
177614,"2004 HK33",,"NEA>Apollo",S
488474,"1999 HD1",,"NEA>Apollo",C
,"Verenia",,"NEA>Amor",U
68278,"2001 FC7",,"NEA>Amor",X
529951,"2010 UD",,"NEA>Apollo",U
,"2010 FC6",,"NEA>Apollo",V
,"2018 VG8",,"NEA>Amor",U
469219,"Kamo`oalewa",,"NEA>Apollo",C
488474,"1999 HD1",,"NEA>Apollo",C
,"2019 VN6",,"NEA>Apollo",U
,"2013 ON5",,"NEA>Amor",V
,"2002 HE8",,"NEA>Amor",V
,"2014 NC64",,"NEA>Apollo",C
39565,"1992 SL",,"NEA>Amor",V
354127,"2002 BP26",,"NEA>Amor",V
,"2010 BH2",,"NEA>Amor",U
,"2016 CB194",,"NEA>Apollo",X
,"2018 EE4",,"NEA>Amor",S
,"2017 DN109",,"NEA>Apollo",U
,"2011 MV1",,"NEA>Amor",U
,"2015 TN237",,"NEA>Amor",U
524392,"2002 AU5",,"NEA>Apollo",U
,"2005 QL",,"NEA>Amor",U
307564,"2003 FQ6",,"NEA>Amor",U
,"2011 JA8",,"NEA>Amor",V
,"2011 JA8",,"NEA>Amor",V
,"2004 VB61",,"NEA>Amor",U
,"1998 YF10",,"NEA>Amor",U
,"2010 UX95",,"NEA>Amor",U
144898,"2004 VD17",,"NEA>Apollo",C
189700,"2001 TA45",,"NEA>Amor",S
,"2018 LZ5",,"NEA>Amor",U
526238,"2005 YY36",,"NEA>Amor",X
367390,"2008 MB5",,"NEA>Apollo",D
,"2014 NU64",,"NEA>Amor",U
431107,"2006 GU",,"NEA>Amor",S
455213,"2001 OE84",,"NEA>Amor",D
345813,"2007 HX4",,"NEA>Apollo",B
,"2014 HY176",,"NEA>Apollo",U
,"2015 HR11",,"NEA>Apollo",U
,"2004 RY109",,"NEA>Apollo",V
,"2010 OA",,"NEA>Apollo",U
344143,"2000 JQ3",,"NEA>Amor",S
344143,"2000 JQ3",,"NEA>Amor",S
153953,"2002 AD9",,"NEA>Apollo",V
,"2018 XV5",,"NEA>Apollo",V
490791,"2010 VE1",,"NEA>Amor",C
36183,"1999 TX16",,"NEA>Amor",L
,"2019 KG2",,"NEA>Apollo",U
,"2013 YE38",,"NEA>Apollo",U
328059,"2007 UB6",,"NEA>Amor",S
31662,"1999 HP11",,"NEA>Apollo",V
,"2010 JL33",,"NEA>Apollo",V
,"2020 BK3",,"NEA>Apollo",U
,"2008 RS26",,"NEA>Amor",V
,"2015 AX44",,"NEA>Apollo",U
,"2013 CN129",,"NEA>Aten",U
496861,"2000 BE19",,"NEA>Apollo",V
,"2016 VY3",,"NEA>Amor",V
510529,"2012 EY11",,"NEA>Apollo",U
499496,"2010 MR87",,"NEA>Amor",V
,"1999 GR6",,"NEA>Apollo",B
,"2011 LJ1",,"NEA>Apollo",U
,"1999 GR6",,"NEA>Apollo",B
,"2008 AJ33",,"NEA>Amor",U
,"2016 AG193",,"NEA>Amor",U
,"2001 QL153",,"NEA>Amor",U
,"2009 FV4",,"NEA>Apollo",V
,"2009 VW",,"NEA>Apollo",U
,"2016 VY3",,"NEA>Amor",V
488693,"2003 WW87",,"NEA>Amor",V
154658,"2004 FA18",,"NEA>Apollo",D
477051,"2009 BD2",,"NEA>Amor",V
488693,"2003 WW87",,"NEA>Amor",V
206910,"2004 NL8",,"NEA>Apollo",V
,"2004 RS109",,"NEA>Amor",U
423321,"2005 ED318",,"NEA>Amor",V
,"2000 EU70",,"NEA>Apollo",C
,"2016 TX55",,"NEA>Amor",D
455588,"2004 RU331",,"NEA>Apollo",V
186823,"2004 FN32",,"NEA>Apollo",C
,"2019 LW1",,"NEA>Amor",V
,"2011 YB40",,"NEA>Amor",U
159533,"2001 HH31",,"NEA>Amor",S
,"2011 XC",,"NEA>Amor",B
152889,"2000 CF59",,"NEA>Apollo",V
,"2020 BK4",,"NEA>Apollo",U
,"2002 MS3",,"NEA>Apollo",V
,"2016 RH18",,"NEA>Amor",U
518847,"2010 DM",,"NEA>Apollo",V
518847,"2010 DM",,"NEA>Apollo",V
,"2013 BP45",,"NEA>Apollo",C
214088,"2004 JN13",,"NEA>Apollo",V
391275,"2006 SJ134",,"NEA>Amor",S
525484,"2005 GL",,"NEA>Apollo",U
,"2013 BP45",,"NEA>Apollo",C
,"2017 DO35",,"NEA>Apollo",U
,"2019 LY5",,"NEA>Apollo",U
376729,"1998 YB8",,"NEA>Amor",D
,"2006 HY51",,"NEA>Apollo",C
328059,"2007 UB6",,"NEA>Amor",S
,"2013 GY73",,"NEA>Amor",A
162196,"1999 RL45",,"NEA>Amor",V
154229,"2002 JN97",,"NEA>Apollo",S
154229,"2002 JN97",,"NEA>Apollo",S
523934,"1998 FF14",,"NEA>Apollo",U
24761,"Ahau",,"NEA>Apollo",X
7025,"1993 QA",,"NEA>Apollo",U
,"2006 BX139",,"NEA>Amor",U
,"2008 GU20",,"NEA>Amor",D
,"2019 UQ7",,"NEA>Apollo",U
,"2006 HY51",,"NEA>Apollo",C
442609,"2012 KU42",,"NEA>Amor",U
,"2008 GU20",,"NEA>Amor",D
322966,"2002 KF4",,"NEA>Amor",S
391275,"2006 SJ134",,"NEA>Amor",S
211871,"2004 HO",,"NEA>Apollo",D
,"2016 JN24",,"NEA>Amor",C
153842,"2001 XT30",,"NEA>Amor",V
,"Saunders",,"NEA>Amor",U
,"2016 JN24",,"NEA>Amor",C
3103,"Eger",,"NEA>Apollo",D
3103,"Eger",,"NEA>Apollo",D
159504,"2000 WO67",,"NEA>Apollo",C
139056,"2001 FY",,"NEA>Amor",S
,"2016 HM2",,"NEA>Amor",S
,"2015 PP291",,"NEA>Apollo",U
276049,"2002 CE26",,"NEA>Apollo",V
66959,"1999 XO35",,"NEA>Amor",U
,"2000 KL33",,"NEA>Amor",D
357594,"2004 XL35",,"NEA>Apollo",U
,"2016 AZ8",,"NEA>Apollo",V
,"2015 MN66",,"NEA>Apollo",B
454101,"2013 BP73",,"NEA>Apollo",V
454101,"2013 BP73",,"NEA>Apollo",V
,"2011 YS62",,"NEA>Amor",V
,"2005 AD13",,"NEA>Apollo",U
,"2004 EU22",,"NEA>Apollo",C
,"2006 KA40",,"NEA>Amor",V
,"2006 KA40",,"NEA>Amor",V
,"2012 XQ93",,"NEA>Apollo",U
,"1998 XN2",,"NEA>Apollo",U
162157,"1999 CV8",,"NEA>Apollo",C
,"2014 JP25",,"NEA>Apollo",U
,"2004 LA12",,"NEA>Apollo",C
276732,"2004 EV9",,"NEA>Apollo",V
,"2017 QL33",,"NEA>Apollo",U
,"2004 EU22",,"NEA>Apollo",C
436325,"2010 GR7",,"NEA>Apollo",X
467475,"2006 RG7",,"NEA>Amor",V
,"2006 QS89",,"NEA>Amor",S
189008,"1996 FR3",,"NEA>Apollo",U
,"2014 SU260",,"NEA>Apollo",U
,"2006 HD2",,"NEA>Apollo",V
159609,"2002 AQ3",,"NEA>Amor",U
86326,"1999 WK13",,"NEA>Amor",S
,"2011 BX10",,"NEA>Apollo",V
,"1999 GJ2",,"NEA>Amor",A
483563,"2004 BD68",,"NEA>Apollo",V
,"2006 DY",,"NEA>Apollo",U
483563,"2004 BD68",,"NEA>Apollo",V
,"2013 CK89",,"NEA>Amor",S
,"2013 CK89",,"NEA>Amor",S
,"2011 BX10",,"NEA>Apollo",V
,"2010 KH",,"NEA>Amor",V
9162,"Kwiila",,"NEA>Apollo",C
159923,"2004 YJ32",,"NEA>Amor",S
27346,"2000 DN8",,"NEA>Amor",D
27346,"2000 DN8",,"NEA>Amor",D
,"2015 KJ157",,"NEA>Aten",D
467475,"2006 RG7",,"NEA>Amor",V
,"2017 FE101",,"NEA>Apollo",U
,"2014 KU76",,"NEA>Apollo",U
159923,"2004 YJ32",,"NEA>Amor",S
338172,"2002 RV112",,"NEA>Amor",V
470594,"2008 MN1",,"NEA>Amor",U
,"2012 BE86",,"NEA>Amor",U
276049,"2002 CE26",,"NEA>Apollo",V
,"2014 WY200",,"NEA>Amor",U
154555,"2003 HA",,"NEA>Apollo",S
3103,"Eger",,"NEA>Apollo",D
417816,"2007 FA",,"NEA>Apollo",X
85990,"1999 JV6",,"NEA>Apollo",X
276049,"2002 CE26",,"NEA>Apollo",V
154555,"2003 HA",,"NEA>Apollo",S
,"2011 WV4",,"NEA>Apollo",U
,"2015 KJ157",,"NEA>Aten",D
458375,"2010 WY8",,"NEA>Amor",S
436763,"2012 FN52",,"NEA>Apollo",U
458375,"2010 WY8",,"NEA>Amor",S
,"2019 OV2",,"NEA>Amor",U
494999,"2010 JU39",,"NEA>Aten",V
363116,"2001 GQ2",,"NEA>Apollo",S
,"2014 NE3",,"NEA>Apollo",U
,"2005 WH4",,"NEA>Amor",U
431775,"2008 JO24",,"NEA>Amor",S
16912,"Rhiannon",,"NEA>Amor",X
513489,"2009 EV",,"NEA>Apollo",U
436568,"2011 HB53",,"NEA>Apollo",B
436568,"2011 HB53",,"NEA>Apollo",B
337866,"2001 WL15",,"NEA>Amor",S
516154,"2016 CL32",,"NEA>Apollo",U
137802,"1999 YT",,"NEA>Amor",S
,"2007 DB61",,"NEA>Aten",U
152964,"2000 GP82",,"NEA>Apollo",S
152964,"2000 GP82",,"NEA>Apollo",S
137802,"1999 YT",,"NEA>Amor",S
86326,"1999 WK13",,"NEA>Amor",S
185853,"2000 ER70",,"NEA>Amor",D
,"2014 KT86",,"NEA>Apollo",X
152978,"2000 GJ147",,"NEA>Apollo",S
,"2006 KM103",,"NEA>Apollo",V
,"2006 JF",,"NEA>Apollo",V
,"2017 SY32",,"NEA>Apollo",V
163014,"2001 UA5",,"NEA>Apollo",S
,"2015 BS509",,"NEA>Amor",V
85989,"1999 JD6",,"NEA>Aten",S
469219,"Kamo`oalewa",,"NEA>Apollo",C
399446,"2002 GF1",,"NEA>Amor",U
329343,"2001 QG96",,"NEA>Amor",C
363626,"2004 RA11",,"NEA>Amor",V
329343,"2001 QG96",,"NEA>Amor",C
,"2000 HZ23",,"NEA>Amor",L
,"2016 CA32",,"NEA>Apollo",V
,"2019 XJ2",,"NEA>Apollo",U
436568,"2011 HB53",,"NEA>Apollo",B
54789,"2001 MZ7",,"NEA>Amor",U
436568,"2011 HB53",,"NEA>Apollo",B
523796,"2016 LE51",,"NEA>Apollo",C
,"2017 SR32",,"NEA>Amor",U
533671,"2014 LJ21",,"NEA>Apollo",V
459462,"2013 AY52",,"NEA>Apollo",C
,"2011 GS60",,"NEA>Apollo",U
523796,"2016 LE51",,"NEA>Apollo",C
4179,"Toutatis",,"NEA>Apollo",V
,"2014 YV43",,"NEA>Apollo",U
101873,"1999 NC5",,"NEA>Amor",V
,"2015 BS509",,"NEA>Amor",V
136770,"1996 PC1",,"NEA>Apollo",V
5587,"1990 SB",,"NEA>Amor",S
89959,"2002 NT7",,"NEA>Apollo",S
363626,"2004 RA11",,"NEA>Amor",V
,"2016 OJ",,"NEA>Amor",U
452474,"2004 BG11",,"NEA>Apollo",V
331509,"1999 YA",,"NEA>Amor",V
470004,"2006 MJ10",,"NEA>Apollo",U
399325,"1999 GY5",,"NEA>Apollo",V
361538,"2007 JZ20",,"NEA>Apollo",S
361538,"2007 JZ20",,"NEA>Apollo",S
,"2006 FK9",,"NEA>Amor",U
9162,"Kwiila",,"NEA>Apollo",C
,"2002 MY",,"NEA>Amor",S
399325,"1999 GY5",,"NEA>Apollo",V
,"2012 KF47",,"NEA>Apollo",U
,"2003 MS2",,"NEA>Apollo",U
496230,"2012 CL2",,"NEA>Amor",U
446789,"1998 FN9",,"NEA>Amor",V
339492,"2005 GQ21",,"NEA>Amor",U
154268,"2002 RM129",,"NEA>Apollo",S
490684,"2010 LL34",,"NEA>Apollo",U
,"2018 CX13",,"NEA>Apollo",V
,"2016 LM11",,"NEA>Apollo",C
477519,"2010 DJ56",,"NEA>Apollo",V
,"2002 AK14",,"NEA>Apollo",U
454266,"2014 FM7",,"NEA>Amor",B
,"2014 FM7",,"NEA>Amor",B
,"2015 TY178",,"NEA>Amor",V
,"2016 LM11",,"NEA>Apollo",C
484976,"2009 UN3",,"NEA>Apollo",U
,"2019 YU1",,"NEA>Apollo",U
,"2015 TY178",,"NEA>Amor",V
,"2011 ME5",,"NEA>Amor",U
164341,"2005 CO",,"NEA>Amor",U
40263,"1999 FQ5",,"NEA>Amor",S
143637,"2003 LP6",,"NEA>Apollo",U
,"2006 KA",,"NEA>Apollo",U
138155,"2000 ES70",,"NEA>Amor",U
484199,"2006 WS1",,"NEA>Apollo",U
,"2007 MC24",,"NEA>Amor",V
,"2018 NR4",,"NEA>Apollo",U
,"2013 LL31",,"NEA>Amor",V
510262,"2011 HJ61",,"NEA>Apollo",V
510262,"2011 HJ61",,"NEA>Apollo",V
163250,"2002 GH1",,"NEA>Amor",V
,"2019 QG",,"NEA>Aten",U
,"2005 HB",,"NEA>Amor",V
,"2010 DE",,"NEA>Amor",C
356285,"2010 DE",,"NEA>Amor",C
308043,"2004 TH10",,"NEA>Apollo",V
308043,"2004 TH10",,"NEA>Apollo",V
,"2005 LZ42",,"NEA>Amor",C
308043,"2004 TH10",,"NEA>Apollo",V
163001,"2001 SE170",,"NEA>Amor",C
375054,"2007 PF6",,"NEA>Apollo",U
446935,"2002 XZ38",,"NEA>Amor",U
,"2008 VQ4",,"NEA>Amor",U
,"2006 OT9",,"NEA>Apollo",V
99907,"1989 VA",,"NEA>Aten",U
137125,"1999 CT3",,"NEA>Amor",V
483422,"2000 CE59",,"NEA>Apollo",U
308043,"2004 TH10",,"NEA>Apollo",V
137125,"1999 CT3",,"NEA>Amor",V
308043,"2004 TH10",,"NEA>Apollo",V
,"2007 GZ5",,"NEA>Amor",V
163001,"2001 SE170",,"NEA>Amor",C
,"2006 OT9",,"NEA>Apollo",V
490581,"2009 WZ104",,"NEA>Aten",U
397237,"2006 KZ112",,"NEA>Apollo",V
397237,"2006 KZ112",,"NEA>Apollo",V
,"2006 OT9",,"NEA>Apollo",V
304293,"2006 SQ78",,"NEA>Apollo",V
,"2006 OT9",,"NEA>Apollo",V
249615,"1999 TB5",,"NEA>Amor",C
249615,"1999 TB5",,"NEA>Amor",C
1865,"Cerberus",,"NEA>Apollo",C
,"2014 WL368",,"NEA>Amor",U
,"2005 JT81",,"NEA>Amor",V
444193,"2005 SE71",,"NEA>Apollo",U
24445,"2000 PM8",,"NEA>Apollo",V
,"2005 JT81",,"NEA>Amor",V
524536,"2003 AO4",,"NEA>Amor",C
24445,"2000 PM8",,"NEA>Apollo",V
326302,"1998 VN",,"NEA>Apollo",U
,"2010 RJ43",,"NEA>Aten",U
85804,"1998 WQ5",,"NEA>Amor",U
423210,"2004 RD84",,"NEA>Amor",V
194386,"2001 VG5",,"NEA>Apollo",V
68350,"2001 MK3",,"NEA>Amor",S
,"2001 RA18",,"NEA>Amor",V
248083,"2004 QU24",,"NEA>Amor",V
,"2017 QE18",,"NEA>Apollo",V
,"2003 UO25",,"NEA>Apollo",V
,"1995 FO",,"NEA>Apollo",U
163250,"2002 GH1",,"NEA>Amor",V
163250,"2002 GH1",,"NEA>Amor",V
,"2004 SC56",,"NEA>Aten",U
163250,"2002 GH1",,"NEA>Amor",V
,"2008 AZ110",,"NEA>Amor",V
,"2009 SW19",,"NEA>Apollo",U
503960,"2004 QF1",,"NEA>Apollo",V
503960,"2004 QF1",,"NEA>Apollo",V
,"2012 LT7",,"NEA>Apollo",V
,"2013 SC25",,"NEA>Apollo",U
9058,"1992 JB",,"NEA>Apollo",D
,"2017 QP17",,"NEA>Apollo",U
9058,"1992 JB",,"NEA>Apollo",D
450238,"2002 XN40",,"NEA>Amor",U
503960,"2004 QF1",,"NEA>Apollo",V
163760,"2003 OR14",,"NEA>Amor",D
436324,"2010 GZ6",,"NEA>Amor",S
503960,"2004 QF1",,"NEA>Apollo",V
16834,"1997 WU22",,"NEA>Apollo",U
16960,"1998 QS52",,"NEA>Apollo",X
,"2005 RV24",,"NEA>Apollo",U
16960,"1998 QS52",,"NEA>Apollo",X
16960,"1998 QS52",,"NEA>Apollo",X
16960,"1998 QS52",,"NEA>Apollo",X
,"2010 SR3",,"NEA>Amor",U
16960,"1998 QS52",,"NEA>Apollo",X
438116,"2005 NX44",,"NEA>Apollo",U
16960,"1998 QS52",,"NEA>Apollo",X
16960,"1998 QS52",,"NEA>Apollo",X
16960,"1998 QS52",,"NEA>Apollo",X
162922,"2001 OY13",,"NEA>Apollo",U
152952,"2000 GC2",,"NEA>Amor",S
333521,"2005 PO",,"NEA>Apollo",V
90373,"2003 SZ219",,"NEA>Amor",S
,"2004 RY109",,"NEA>Apollo",V
,"2005 LV3",,"NEA>Amor",B
,"2005 LV3",,"NEA>Amor",B
,"2014 HR184",,"NEA>Apollo",V
3352,"McAuliffe",,"NEA>Amor",S
523816,"2009 ST103",,"NEA>Apollo",B
423210,"2004 RD84",,"NEA>Amor",V
196625,"2003 RM10",,"NEA>Apollo",S
4183,"Cuno",,"NEA>Apollo",S
523816,"2009 ST103",,"NEA>Apollo",B
,"2008 OV2",,"NEA>Apollo",V
,"2014 YV34",,"NEA>Amor",U
,"2008 OX8",,"NEA>Amor",C
477762,"2010 XZ67",,"NEA>Amor",U
395207,"2010 HQ80",,"NEA>Apollo",V
,"2016 XD1",,"NEA>Amor",V
436324,"2010 GZ6",,"NEA>Amor",S
67381,"2000 OL8",,"NEA>Apollo",V
523816,"2009 ST103",,"NEA>Apollo",B
285838,"2001 FA1",,"NEA>Amor",V
,"2008 OX8",,"NEA>Amor",C
285838,"2001 FA1",,"NEA>Amor",V
,"2014 OL339",,"NEA>Aten",V
,"2014 KP4",,"NEA>Apollo",V
162911,"2001 LL5",,"NEA>Apollo",S
506732,"2006 VW2",,"NEA>Apollo",C
,"2014 OL339",,"NEA>Aten",V
,"2018 WR1",,"NEA>Apollo",U
506732,"2006 VW2",,"NEA>Apollo",C
153460,"2001 RN",,"NEA>Apollo",C
,"2014 KP4",,"NEA>Apollo",V
395207,"2010 HQ80",,"NEA>Apollo",V
480004,"2014 KD91",,"NEA>Amor",V
,"2014 KP4",,"NEA>Apollo",V
,"2017 WV13",,"NEA>Apollo",U
,"2002 TE66",,"NEA>Apollo",U
333521,"2005 PO",,"NEA>Apollo",V
,"2001 TP103",,"NEA>Amor",U
162566,"2000 RJ34",,"NEA>Amor",C
,"2012 WL4",,"NEA>Amor",C
356991,"1998 QA1",,"NEA>Apollo",C
153460,"2001 RN",,"NEA>Apollo",C
9058,"1992 JB",,"NEA>Apollo",D
,"2011 OK5",,"NEA>Amor",V
,"2010 DB34",,"NEA>Amor",V
333521,"2005 PO",,"NEA>Apollo",V
,"2015 XC1",,"NEA>Amor",U
,"2016 GA222",,"NEA>Apollo",S
,"2012 WL4",,"NEA>Amor",C
333521,"2005 PO",,"NEA>Apollo",V
,"2009 TB8",,"NEA>Apollo",B
87311,"2000 QJ1",,"NEA>Apollo",S
23187,"2000 PN9",,"NEA>Apollo",S
457260,"2008 RY24",,"NEA>Amor",S
159518,"2001 FF7",,"NEA>Amor",U
373428,"1999 TC5",,"NEA>Apollo",U
,"2001 XQ30",,"NEA>Amor",U
439889,"2000 PG5",,"NEA>Amor",B
,"2010 YH",,"NEA>Apollo",U
,"2009 QB36",,"NEA>Apollo",U
,"2011 UF21",,"NEA>Apollo",S
23187,"2000 PN9",,"NEA>Apollo",S
162149,"1998 YQ11",,"NEA>Amor",S
,"2000 SF8",,"NEA>Amor",X
162149,"1998 YQ11",,"NEA>Amor",S
439889,"2000 PG5",,"NEA>Amor",B
138727,"2000 SU180",,"NEA>Apollo",S
138727,"2000 SU180",,"NEA>Apollo",S
249816,"2001 FD90",,"NEA>Amor",V
162149,"1998 YQ11",,"NEA>Amor",S
138727,"2000 SU180",,"NEA>Apollo",S
173689,"2001 PK9",,"NEA>Amor",V
138727,"2000 SU180",,"NEA>Apollo",S
162149,"1998 YQ11",,"NEA>Amor",S
138727,"2000 SU180",,"NEA>Apollo",S
395207,"2010 HQ80",,"NEA>Apollo",V
138727,"2000 SU180",,"NEA>Apollo",S
35670,"1998 SU27",,"NEA>Apollo",V
,"2016 FC15",,"NEA>Apollo",D
,"2000 SU180",,"NEA>Apollo",S
162149,"1998 YQ11",,"NEA>Amor",S
138727,"2000 SU180",,"NEA>Apollo",S
349063,"2006 XA",,"NEA>Apollo",V
138727,"2000 SU180",,"NEA>Apollo",S
173689,"2001 PK9",,"NEA>Amor",V
,"2000 XK47",,"NEA>Apollo",D
162149,"1998 YQ11",,"NEA>Amor",S
26663,"2000 XK47",,"NEA>Apollo",D
138727,"2000 SU180",,"NEA>Apollo",S
,"2000 SU180",,"NEA>Apollo",S
,"2004 FG1",,"NEA>Amor",V
26663,"2000 XK47",,"NEA>Apollo",D
26663,"2000 XK47",,"NEA>Apollo",D
138727,"2000 SU180",,"NEA>Apollo",S
26663,"2000 XK47",,"NEA>Apollo",D
,"1998 YQ11",,"NEA>Amor",S
,"2016 XD1",,"NEA>Amor",V
,"2005 JO3",,"NEA>Apollo",V
26663,"2000 XK47",,"NEA>Apollo",D
439889,"2000 PG5",,"NEA>Amor",B
26663,"2000 XK47",,"NEA>Apollo",D
343166,"2009 SO103",,"NEA>Apollo",V
138727,"2000 SU180",,"NEA>Apollo",S
162149,"1998 YQ11",,"NEA>Amor",S
138727,"2000 SU180",,"NEA>Apollo",S
415029,"2011 UL21",,"NEA>Apollo",V
343166,"2009 SO103",,"NEA>Apollo",V
498550,"2008 HV4",,"NEA>Amor",C
,"2011 VR5",,"NEA>Amor",U
5731,"Zeus",,"NEA>Apollo",C
468481,"2004 TP20",,"NEA>Apollo",B
26663,"2000 XK47",,"NEA>Apollo",D
26663,"2000 XK47",,"NEA>Apollo",D
190135,"2005 QE30",,"NEA>Apollo",V
498550,"2008 HV4",,"NEA>Amor",C
163070,"2002 AO7",,"NEA>Amor",U
162149,"1998 YQ11",,"NEA>Amor",S
163015,"2001 UX16",,"NEA>Apollo",U
26663,"2000 XK47",,"NEA>Apollo",D
,"2008 SC85",,"NEA>Amor",V
468481,"2004 TP20",,"NEA>Apollo",B
138727,"2000 SU180",,"NEA>Apollo",S
297418,"2000 SP43",,"NEA>Aten",S
141354,"2002 AJ29",,"NEA>Amor",V
,"2008 OX8",,"NEA>Amor",C
230089,"2000 WP148",,"NEA>Apollo",V
,"2003 QA",,"NEA>Apollo",U
,"2017 SX11",,"NEA>Apollo",U
,"2005 YX128",,"NEA>Apollo",C
26663,"2000 XK47",,"NEA>Apollo",D
480823,"1998 YW5",,"NEA>Apollo",V
349925,"2009 WC26",,"NEA>Apollo",C
,"2015 NU2",,"NEA>Apollo",V
9058,"1992 JB",,"NEA>Apollo",D
,"2016 RN1",,"NEA>Apollo",U
,"1999 VM11",,"NEA>Amor",V
,"2013 YD110",,"NEA>Amor",U
3908,"Nyx",,"NEA>Amor",V
,"2015 VR1",,"NEA>Apollo",V
,"2009 KT21",,"NEA>Amor",U
9058,"1992 JB",,"NEA>Apollo",D
,"2014 TX32",,"NEA>Amor",U
304153,"2006 OU10",,"NEA>Amor",U
162149,"1998 YQ11",,"NEA>Amor",S
,"2009 HM82",,"NEA>Apollo",U
,"2019 TH6",,"NEA>Amor",U
162567,"2000 RW37",,"NEA>Apollo",C
153792,"2001 VH75",,"NEA>Apollo",U
9058,"1992 JB",,"NEA>Apollo",D
,"2015 HE170",,"NEA>Amor",C
,"2013 QC11",,"NEA>Apollo",S
,"2015 NU2",,"NEA>Apollo",V
162173,"Ryugu",,"NEA>Apollo",C
9058,"1992 JB",,"NEA>Apollo",D
,"2000 SB25",,"NEA>Amor",V
,"2010 WZ8",,"NEA>Apollo",U
396794,"2004 KT",,"NEA>Apollo",C
190135,"2005 QE30",,"NEA>Apollo",V
9058,"1992 JB",,"NEA>Apollo",D
218017,"2001 XV266",,"NEA>Apollo",S
,"2017 QW17",,"NEA>Aten",U
,"2006 WW1",,"NEA>Apollo",V
477327,"2009 TB8",,"NEA>Apollo",B
,"2016 RL41",,"NEA>Amor",U
218017,"2001 XV266",,"NEA>Apollo",S
,"2007 FE20",,"NEA>Amor",V
190135,"2005 QE30",,"NEA>Apollo",V
,"2015 VR1",,"NEA>Apollo",V
,"2007 FE20",,"NEA>Amor",V
,"2011 HL7",,"NEA>Amor",C
391451,"2007 FE20",,"NEA>Amor",V
475354,"2006 CE",,"NEA>Amor",U
138727,"2000 SU180",,"NEA>Apollo",S
190135,"2005 QE30",,"NEA>Apollo",V
9058,"1992 JB",,"NEA>Apollo",D
,"2014 KT76",,"NEA>Apollo",U
138971,"2001 CB21",,"NEA>Apollo",B
4450,"Pan",,"NEA>Apollo",S
303248,"2004 QV16",,"NEA>Apollo",S
9058,"1992 JB",,"NEA>Apollo",D
,"2001 QC34",,"NEA>Apollo",V
,"2014 SL303",,"NEA>Amor",D
,"2014 JR25",,"NEA>Apollo",U
,"2005 QE30",,"NEA>Apollo",V
9058,"1992 JB",,"NEA>Apollo",D
,"2016 FC12",,"NEA>Apollo",U
138727,"2000 SU180",,"NEA>Apollo",S
67399,"2000 PJ6",,"NEA>Apollo",S
142464,"2002 TC9",,"NEA>Amor",S
142464,"2002 TC9",,"NEA>Amor",S
,"2013 FY13",,"NEA>Amor",U
,"2006 WW1",,"NEA>Apollo",V
,"2010 DN1",,"NEA>Amor",U
,"2015 BF4",,"NEA>Amor",V
,"2011 SG16",,"NEA>Amor",S
,"2019 QL",,"NEA>Amor",C
,"2015 NU2",,"NEA>Apollo",V
4450,"Pan",,"NEA>Apollo",S
,"2008 OX8",,"NEA>Amor",C
,"2001 FF90",,"NEA>Apollo",U
,"2010 DM21",,"NEA>Apollo",U
,"2011 LH21",,"NEA>Amor",U
211914,"2004 RM251",,"NEA>Amor",U
6611,"1993 VW",,"NEA>Apollo",V
,"2015 BU515",,"NEA>Amor",V
,"2007 YO56",,"NEA>Apollo",V
516420,"2003 FS2",,"NEA>Amor",U
136897,"1998 HJ41",,"NEA>Amor",S
,"2007 DX60",,"NEA>Amor",U
39572,"1993 DQ1",,"NEA>Amor",C
6611,"1993 VW",,"NEA>Apollo",V
,"2018 RA5",,"NEA>Apollo",V
,"2005 MW1",,"NEA>Amor",S
6611,"1993 VW",,"NEA>Apollo",V
,"2006 WW1",,"NEA>Apollo",V
523648,"2010 WP8",,"NEA>Amor",U
,"2007 LF",,"NEA>Apollo",U
284422,"2006 YD",,"NEA>Apollo",D
4450,"Pan",,"NEA>Apollo",S
,"2017 PT25",,"NEA>Apollo",V
415029,"2011 UL21",,"NEA>Apollo",V
,"2011 UT20",,"NEA>Apollo",V
,"2014 SL303",,"NEA>Amor",D
418896,"2009 AK15",,"NEA>Apollo",V
418896,"2009 AK15",,"NEA>Apollo",V
4450,"Pan",,"NEA>Apollo",S
,"2000 SB25",,"NEA>Amor",V
,"2017 PT25",,"NEA>Apollo",V
5011,"Ptah",,"NEA>Apollo",S
,"2011 UT20",,"NEA>Apollo",V
,"2016 YZ",,"NEA>Apollo",U
481394,"2006 SF6",,"NEA>Aten",V
481394,"2006 SF6",,"NEA>Aten",V
,"2000 SU180",,"NEA>Apollo",S
,"2012 CC17",,"NEA>Amor",V
481394,"2006 SF6",,"NEA>Aten",V
,"2004 TK14",,"NEA>Amor",V
,"2019 VO1",,"NEA>Apollo",U
251346,"2007 SJ",,"NEA>Apollo",S
,"2011 UT20",,"NEA>Apollo",V
162173,"Ryugu",,"NEA>Apollo",C
284422,"2006 YD",,"NEA>Apollo",D
,"2004 TK14",,"NEA>Amor",V
312473,"2008 SX245",,"NEA>Amor",B
6456,"Golombek",,"NEA>Amor",S
475534,"2006 TS7",,"NEA>Aten",V
,"2017 PT25",,"NEA>Apollo",V
5011,"Ptah",,"NEA>Apollo",S
,"2004 TK14",,"NEA>Amor",V
,"2014 WV365",,"NEA>Amor",D
,"2015 BF4",,"NEA>Amor",V
22753,"1998 WT",,"NEA>Apollo",B
,"2015 BF4",,"NEA>Amor",V
5011,"Ptah",,"NEA>Apollo",S
,"2017 PT25",,"NEA>Apollo",V
85709,"1998 SG36",,"NEA>Amor",D
,"2004 TK14",,"NEA>Amor",V
5011,"Ptah",,"NEA>Apollo",S
85709,"1998 SG36",,"NEA>Amor",D
,"2013 LL31",,"NEA>Amor",V
,"2017 UW42",,"NEA>Amor",V
,"2004 TK14",,"NEA>Amor",V
5011,"Ptah",,"NEA>Apollo",S
,"2015 HE170",,"NEA>Amor",C
136564,"1977 VA",,"NEA>Amor",C
,"2007 TE66",,"NEA>Apollo",U
138727,"2000 SU180",,"NEA>Apollo",S
,"2017 PT25",,"NEA>Apollo",V
,"2012 FA14",,"NEA>Apollo",U
,"2005 MW1",,"NEA>Amor",S
,"2007 TD66",,"NEA>Aten",V
4450,"Pan",,"NEA>Apollo",S
343166,"2009 SO103",,"NEA>Apollo",V
,"2007 TD66",,"NEA>Aten",V
,"2000 UG11",,"NEA>Apollo",S
353190,"2009 ST",,"NEA>Amor",U
,"2007 YM56",,"NEA>Apollo",V
6047,"1991 TB1",,"NEA>Apollo",S
,"2007 TD66",,"NEA>Aten",V
,"2002 AQ2",,"NEA>Amor",C
251346,"2007 SJ",,"NEA>Apollo",S
5011,"Ptah",,"NEA>Apollo",S
497174,"2004 TK10",,"NEA>Apollo",V
,"2014 WV365",,"NEA>Amor",D
,"2015 MN116",,"NEA>Apollo",U
349925,"2009 WC26",,"NEA>Apollo",C
415986,"2002 AT5",,"NEA>Amor",U
477248,"2009 SV",,"NEA>Amor",V
,"Pan",,"NEA>Apollo",S
138727,"2000 SU180",,"NEA>Apollo",S
26166,"1995 QN3",,"NEA>Amor",D
,"2009 WC26",,"NEA>Apollo",C
,"2004 TK10",,"NEA>Apollo",V
418896,"2009 AK15",,"NEA>Apollo",V
,"2002 AQ2",,"NEA>Amor",C
497174,"2004 TK10",,"NEA>Apollo",V
5011,"Ptah",,"NEA>Apollo",S
,"2003 SK5",,"NEA>Amor",B
,"Heracles",,"NEA>Apollo",S
,"2003 SK5",,"NEA>Amor",B
5143,"Heracles",,"NEA>Apollo",S
5143,"Heracles",,"NEA>Apollo",S
,"Heracles",,"NEA>Apollo",S
26166,"1995 QN3",,"NEA>Amor",D
5143,"Heracles",,"NEA>Apollo",S
,"2009 TK12",,"NEA>Apollo",U
4450,"Pan",,"NEA>Apollo",S
5143,"Heracles",,"NEA>Apollo",S
,"2010 TM167",,"NEA>Apollo",V
,"2018 UM1",,"NEA>Apollo",U
329571,"2002 VC92",,"NEA>Amor",U
5143,"Heracles",,"NEA>Apollo",S
446924,"2002 VV17",,"NEA>Aten",D
5143,"Heracles",,"NEA>Apollo",S
5143,"Heracles",,"NEA>Apollo",S
153349,"2001 PJ9",,"NEA>Apollo",U
,"2017 UW42",,"NEA>Amor",V
5143,"Heracles",,"NEA>Apollo",S
162723,"2000 VM2",,"NEA>Apollo",V
5143,"Heracles",,"NEA>Apollo",S
22753,"1998 WT",,"NEA>Apollo",B
332775,"2009 VO24",,"NEA>Apollo",V
,"2010 TU5",,"NEA>Apollo",V
,"2017 AY20",,"NEA>Amor",U
154330,"2002 VX94",,"NEA>Apollo",S
5143,"Heracles",,"NEA>Apollo",S
138727,"2000 SU180",,"NEA>Apollo",S
,"2014 WV365",,"NEA>Amor",D
250697,"2005 QY151",,"NEA>Apollo",S
,"2012 VO6",,"NEA>Apollo",U
,"2017 UW42",,"NEA>Amor",V
5143,"Heracles",,"NEA>Apollo",S
316695,"1996 TE9",,"NEA>Amor",V
444584,"2006 UK",,"NEA>Apollo",V
219021,"1991 LH",,"NEA>Apollo",C
5143,"Heracles",,"NEA>Apollo",S
,"2005 YY36",,"NEA>Amor",X
444584,"2006 UK",,"NEA>Apollo",V
,"2009 CC3",,"NEA>Apollo",V
4183,"Cuno",,"NEA>Apollo",S
,"2015 BF4",,"NEA>Amor",V
480817,"1998 SJ2",,"NEA>Amor",B
154330,"2002 VX94",,"NEA>Apollo",S
190788,"2001 RT17",,"NEA>Apollo",V
136564,"1977 VA",,"NEA>Amor",C
497626,"2006 QT89",,"NEA>Apollo",B
,"2015 BF4",,"NEA>Amor",V
,"2015 BF4",,"NEA>Amor",V
4183,"Cuno",,"NEA>Apollo",S
168044,"2005 SG",,"NEA>Aten",U
351545,"2005 TE15",,"NEA>Apollo",U
,"2005 VC2",,"NEA>Amor",U
4450,"Pan",,"NEA>Apollo",S
,"2005 YY36",,"NEA>Amor",X
416151,"2002 RQ25",,"NEA>Apollo",D
380205,"2001 CA32",,"NEA>Amor",C
444584,"2006 UK",,"NEA>Apollo",V
4450,"Pan",,"NEA>Apollo",S
,"2005 NY39",,"NEA>Amor",C
164206,"2004 FN18",,"NEA>Apollo",L
136564,"1977 VA",,"NEA>Amor",C
,"1999 NA5",,"NEA>Amor",V
,"2009 TC8",,"NEA>Apollo",C
,"2007 YM56",,"NEA>Apollo",V
,"2015 BF4",,"NEA>Amor",V
5011,"Ptah",,"NEA>Apollo",S
143643,"2003 NP7",,"NEA>Amor",U
380205,"2001 CA32",,"NEA>Amor",C
,"2006 CT10",,"NEA>Apollo",U
90416,"2003 YK118",,"NEA>Apollo",U
,"2009 TC8",,"NEA>Apollo",C
277616,"2006 BN6",,"NEA>Apollo",D
,"2019 UP14",,"NEA>Apollo",U
,"2002 JZ8",,"NEA>Apollo",U
424482,"2008 DG5",,"NEA>Apollo",V
,"2007 VW137",,"NEA>Apollo",U
,"1999 NA5",,"NEA>Amor",V
,"2002 WX12",,"NEA>Apollo",V
,"2011 CY71",,"NEA>Amor",B
196625,"2003 RM10",,"NEA>Apollo",S
140333,"2001 TD2",,"NEA>Aten",S
,"2009 SB15",,"NEA>Apollo",V
412983,"1996 FO3",,"NEA>Amor",U
,"2009 SB15",,"NEA>Apollo",V
,"2011 WC",,"NEA>Amor",V
235700,"2004 TR13",,"NEA>Apollo",X
,"2003 RW10",,"NEA>Amor",C
178871,"2001 MA8",,"NEA>Amor",V
,"2007 VM243",,"NEA>Apollo",V
136564,"1977 VA",,"NEA>Amor",C
,"2020 AH1",,"NEA>Apollo",U
,"2011 WC",,"NEA>Amor",V
,"2009 SB15",,"NEA>Apollo",V
,"2007 VM243",,"NEA>Apollo",V
235700,"2004 TR13",,"NEA>Apollo",X
,"2011 UU20",,"NEA>Amor",V
,"2003 RW10",,"NEA>Amor",C
,"2009 XD",,"NEA>Apollo",U
170013,"2002 UO3",,"NEA>Apollo",C
,"2005 NY39",,"NEA>Amor",C
,"2015 DD200",,"NEA>Amor",U
,"2009 FN28",,"NEA>Amor",U
,"2009 SP",,"NEA>Amor",U
,"2009 SB15",,"NEA>Apollo",V
162781,"2000 XL44",,"NEA>Amor",V
249816,"2001 FD90",,"NEA>Amor",V
141354,"2002 AJ29",,"NEA>Amor",V
,"2015 BF4",,"NEA>Amor",V
475462,"2006 SW5",,"NEA>Amor",C
380128,"1997 WB21",,"NEA>Apollo",V
249816,"2001 FD90",,"NEA>Amor",V
,"2008 XM1",,"NEA>Apollo",U
,"2016 JF29",,"NEA>Amor",C
,"2018 RA5",,"NEA>Apollo",V
,"2009 OC",,"NEA>Amor",S
162723,"2000 VM2",,"NEA>Apollo",V
88264,"2001 KN20",,"NEA>Amor",S
,"2011 CY71",,"NEA>Amor",B
,"2012 NN",,"NEA>Apollo",C
,"2005 NY39",,"NEA>Amor",C
136564,"1977 VA",,"NEA>Amor",C
163000,"2001 SW169",,"NEA>Amor",S
163364,"2002 OD20",,"NEA>Apollo",V
163364,"2002 OD20",,"NEA>Apollo",V
163364,"2002 OD20",,"NEA>Apollo",V
163364,"2002 OD20",,"NEA>Apollo",V
,"2009 SB15",,"NEA>Apollo",V
,"1999 VR6",,"NEA>Apollo",U
249816,"2001 FD90",,"NEA>Amor",V
,"2012 NN",,"NEA>Apollo",C
408980,"2002 RB126",,"NEA>Apollo",X
408980,"2002 RB126",,"NEA>Apollo",X
,"2005 NY39",,"NEA>Amor",C
444935,"2008 CQ1",,"NEA>Amor",V
501243,"2013 VG13",,"NEA>Apollo",C
,"2015 BF4",,"NEA>Amor",V
162723,"2000 VM2",,"NEA>Apollo",V
,"2002 OD20",,"NEA>Apollo",V
444935,"2008 CQ1",,"NEA>Amor",V
,"2015 BX516",,"NEA>Amor",U
249816,"2001 FD90",,"NEA>Amor",V
,"2015 BF4",,"NEA>Amor",V
,"2015 BF4",,"NEA>Amor",V
,"2005 VJ1",,"NEA>Amor",C
408980,"2002 RB126",,"NEA>Apollo",X
,"2013 AE69",,"NEA>Amor",U
292220,"2006 SU49",,"NEA>Apollo",S
,"2012 CC17",,"NEA>Amor",V
501243,"2013 VG13",,"NEA>Apollo",C
354127,"2002 BP26",,"NEA>Amor",V
155140,"2005 UD",,"NEA>Apollo",B
292220,"2006 SU49",,"NEA>Apollo",S
,"1999 BJ8",,"NEA>Apollo",U
474613,"2004 TL19",,"NEA>Amor",D
155140,"2005 UD",,"NEA>Apollo",B
,"2005 NY39",,"NEA>Amor",C
,"2002 GS",,"NEA>Apollo",V
,"2020 BB1",,"NEA>Apollo",V
2201,"Oljato",,"NEA>Apollo",S
292220,"2006 SU49",,"NEA>Apollo",S
,"2006 SU49",,"NEA>Apollo",S
,"2012 CC17",,"NEA>Amor",V
448818,"2011 UU20",,"NEA>Amor",V
,"2002 OD20",,"NEA>Apollo",V
,"2013 OW2",,"NEA>Apollo",U
,"2011 YC29",,"NEA>Amor",U
292220,"2006 SU49",,"NEA>Apollo",S
,"2006 SU49",,"NEA>Apollo",S
,"1997 WB21",,"NEA>Apollo",V
448818,"2011 UU20",,"NEA>Amor",V
136564,"1977 VA",,"NEA>Amor",C
410627,"2008 RG1",,"NEA>Apollo",V
410627,"2008 RG1",,"NEA>Apollo",V
,"1990 TG1",,"NEA>Apollo",S
30825,"1990 TG1",,"NEA>Apollo",S
30825,"1990 TG1",,"NEA>Apollo",S
30825,"1990 TG1",,"NEA>Apollo",S
,"2015 BF4",,"NEA>Amor",V
202411,"2005 RC",,"NEA>Apollo",X
155140,"2005 UD",,"NEA>Apollo",B
,"1990 TG1",,"NEA>Apollo",S
,"2000 QK130",,"NEA>Apollo",X
30825,"1990 TG1",,"NEA>Apollo",S
30825,"1990 TG1",,"NEA>Apollo",S
30825,"1990 TG1",,"NEA>Apollo",S
30825,"1990 TG1",,"NEA>Apollo",S
30825,"1990 TG1",,"NEA>Apollo",S
30825,"1990 TG1",,"NEA>Apollo",S
448628,"2010 VF1",,"NEA>Apollo",V
136564,"1977 VA",,"NEA>Amor",C
448818,"2011 UU20",,"NEA>Amor",V
292220,"2006 SU49",,"NEA>Apollo",S
,"2020 AO",,"NEA>Apollo",U
,"2014 KE91",,"NEA>Amor",V
,"2009 SU19",,"NEA>Apollo",V
,"2009 OC",,"NEA>Amor",S
396794,"2004 KT",,"NEA>Apollo",C
155140,"2005 UD",,"NEA>Apollo",B
,"2003 FF5",,"NEA>Apollo",U
31221,"1998 BP26",,"NEA>Amor",D
38239,"1999 OR3",,"NEA>Apollo",S
18736,"1998 NU",,"NEA>Amor",V
,"2017 UY5",,"NEA>Apollo",V
,"1999 OR3",,"NEA>Apollo",S
38239,"1999 OR3",,"NEA>Apollo",S
,"2013 BE18",,"NEA>Amor",U
38239,"1999 OR3",,"NEA>Apollo",S
,"2010 WB3",,"NEA>Apollo",V
,"2007 RQ17",,"NEA>Apollo",V
523599,"2003 RM",,"NEA>Amor",S
,"2012 PO28",,"NEA>Amor",B
,"2009 OC",,"NEA>Amor",S
153460,"2001 RN",,"NEA>Apollo",C
,"2005 NB7",,"NEA>Apollo",V
,"2006 WU",,"NEA>Amor",U
,"2013 GT38",,"NEA>Apollo",U
523810,"2008 RG98",,"NEA>Apollo",V
,"2004 TX37",,"NEA>Amor",V
,"2008 LQ16",,"NEA>Apollo",V
,"2004 TX37",,"NEA>Amor",V
,"2010 HP20",,"NEA>Apollo",S
38239,"1999 OR3",,"NEA>Apollo",S
,"2011 EW29",,"NEA>Amor",U
38239,"1999 OR3",,"NEA>Apollo",S
162781,"2000 XL44",,"NEA>Amor",V
,"2005 VE",,"NEA>Apollo",S
523775,"2014 YB35",,"NEA>Apollo",C
136564,"1977 VA",,"NEA>Amor",C
162781,"2000 XL44",,"NEA>Amor",V
494658,"2000 UG11",,"NEA>Apollo",S
312473,"2008 SX245",,"NEA>Amor",B
,"2014 TG17",,"NEA>Amor",S
523775,"2014 YB35",,"NEA>Apollo",C
446789,"1998 FN9",,"NEA>Amor",V
,"2016 GU221",,"NEA>Amor",V
,"2016 GU221",,"NEA>Amor",V
480934,"2003 LX5",,"NEA>Amor",U
,"2016 GU221",,"NEA>Amor",V
,"2016 GU221",,"NEA>Amor",V
,"2016 GU221",,"NEA>Amor",V
,"2009 LX",,"NEA>Amor",D
,"2016 GU221",,"NEA>Amor",V
,"2002 VS14",,"NEA>Apollo",V
,"2010 HP20",,"NEA>Apollo",S
,"2009 LX",,"NEA>Amor",D
,"2005 UK1",,"NEA>Apollo",U
523775,"2014 YB35",,"NEA>Apollo",C
,"2014 TG17",,"NEA>Amor",S
,"2003 SY17",,"NEA>Apollo",C
,"2002 VS14",,"NEA>Apollo",V
523810,"2008 RG98",,"NEA>Apollo",V
,"2010 CC180",,"NEA>Amor",V
,"2013 CW35",,"NEA>Amor",U
162452,"2000 HO14",,"NEA>Amor",D
,"2006 MX13",,"NEA>Amor",B
407324,"2010 OB101",,"NEA>Apollo",U
162452,"2000 HO14",,"NEA>Amor",D
162452,"2000 HO14",,"NEA>Amor",D
303174,"2004 FH11",,"NEA>Amor",S
,"2012 XO111",,"NEA>Apollo",V
,"2016 SN2",,"NEA>Apollo",U
,"2011 HL7",,"NEA>Amor",C
,"2012 HL",,"NEA>Apollo",V
308043,"2004 TH10",,"NEA>Apollo",V
,"2005 JU108",,"NEA>Amor",B
303174,"2004 FH11",,"NEA>Amor",S
,"2012 HL",,"NEA>Apollo",V
404108,"2012 SF51",,"NEA>Apollo",D
162452,"2000 HO14",,"NEA>Amor",D
,"2012 XO111",,"NEA>Apollo",V
8035,"1992 TB",,"NEA>Apollo",V
303174,"2004 FH11",,"NEA>Amor",S
136564,"1977 VA",,"NEA>Amor",C
498143,"2007 TR65",,"NEA>Apollo",C
162452,"2000 HO14",,"NEA>Amor",D
404108,"2012 SF51",,"NEA>Apollo",D
,"2005 QG88",,"NEA>Apollo",S
,"2014 SZ261",,"NEA>Amor",U
,"2000 UL11",,"NEA>Apollo",D
,"2005 UX5",,"NEA>Apollo",S
,"2006 MX13",,"NEA>Amor",B
409266,"2004 RK9",,"NEA>Amor",C
,"2017 BG85",,"NEA>Amor",C
503861,"1998 WZ1",,"NEA>Apollo",V
162452,"2000 HO14",,"NEA>Amor",D
,"2004 TX37",,"NEA>Amor",V
,"2002 AT4",,"NEA>Amor",U
,"2010 OC103",,"NEA>Apollo",C
,"2002 WX12",,"NEA>Apollo",V
216985,"2000 QK130",,"NEA>Apollo",X
,"2015 XK1",,"NEA>Apollo",U
162695,"2000 UL11",,"NEA>Apollo",D
,"2010 ON101",,"NEA>Apollo",U
,"2010 OC103",,"NEA>Apollo",C
293726,"2007 RQ17",,"NEA>Apollo",V
,"2017 BG85",,"NEA>Amor",C
,"2006 FG36",,"NEA>Amor",C
106538,"2000 WK63",,"NEA>Apollo",V
162695,"2000 UL11",,"NEA>Apollo",D
162452,"2000 HO14",,"NEA>Amor",D
,"2010 RT11",,"NEA>Amor",C
106538,"2000 WK63",,"NEA>Apollo",V
,"2006 FG36",,"NEA>Amor",C
,"2008 SD",,"NEA>Apollo",U
,"2010 CC180",,"NEA>Amor",V
,"2017 MJ8",,"NEA>Apollo",V
,"2015 FB34",,"NEA>Amor",U
,"2015 MF60",,"NEA>Apollo",U
419464,"2010 CC180",,"NEA>Amor",V
,"2000 HO14",,"NEA>Amor",D
,"2011 BO59",,"NEA>Apollo",U
,"2003 UW26",,"NEA>Amor",S
,"2015 TE323",,"NEA>Apollo",V
,"1998 QB28",,"NEA>Amor",V
,"2005 NB7",,"NEA>Apollo",V
423747,"2006 CX",,"NEA>Amor",U
404108,"2012 SF51",,"NEA>Apollo",D
448818,"2011 UU20",,"NEA>Amor",V
,"2006 UK217",,"NEA>Apollo",V
,"2019 CQ",,"NEA>Amor",U
374851,"2006 VV2",,"NEA>Apollo",V
,"2006 UK217",,"NEA>Apollo",V
,"2019 CL2",,"NEA>Apollo",V
,"2018 CZ13",,"NEA>Amor",U
,"2012 MP",,"NEA>Amor",D
,"2008 QF",,"NEA>Amor",U
,"2012 EO5",,"NEA>Apollo",U
,"2009 CC3",,"NEA>Apollo",V
,"2009 OC",,"NEA>Amor",S
,"1998 QB28",,"NEA>Amor",V
302169,"2001 TD45",,"NEA>Aten",C
5011,"Ptah",,"NEA>Apollo",S
,"2004 LB",,"NEA>Apollo",K
481542,"2007 RF5",,"NEA>Apollo",U
,"2017 MJ8",,"NEA>Apollo",V
85709,"1998 SG36",,"NEA>Amor",D
,"2011 TC4",,"NEA>Apollo",V
261938,"2006 OB5",,"NEA>Amor",X
434734,"2006 FX",,"NEA>Apollo",S
,"2006 LF",,"NEA>Apollo",U
,"2015 DK200",,"NEA>Apollo",C
,"2012 WB25",,"NEA>Apollo",U
404108,"2012 SF51",,"NEA>Apollo",D
404108,"2012 SF51",,"NEA>Apollo",D
,"2018 BY2",,"NEA>Apollo",U
,"2001 RB18",,"NEA>Amor",B
369983,"1998 QB28",,"NEA>Amor",V
369983,"1998 QB28",,"NEA>Amor",V
,"2004 CH52",,"NEA>Amor",S
,"2014 WO7",,"NEA>Apollo",U
88188,"2000 XH44",,"NEA>Amor",V
,"2001 SH276",,"NEA>Apollo",U
19356,"1997 GH3",,"NEA>Amor",V
,"2006 BC10",,"NEA>Apollo",S
261938,"2006 OB5",,"NEA>Amor",X
66063,"1998 RO1",,"NEA>Aten",K
,"2006 XD2",,"NEA>Apollo",C
,"2014 CF14",,"NEA>Apollo",U
20255,"1998 FX2",,"NEA>Amor",V
261938,"2006 OB5",,"NEA>Amor",X
,"2009 CC3",,"NEA>Apollo",V
369983,"1998 QB28",,"NEA>Amor",V
203217,"2001 FX9",,"NEA>Amor",V
452302,"1995 YR1",,"NEA>Apollo",V
530938,"2011 XE",,"NEA>Aten",C
,"2012 SN30",,"NEA>Apollo",V
,"2010 RT11",,"NEA>Amor",C
,"2006 BC10",,"NEA>Apollo",S
446924,"2002 VV17",,"NEA>Aten",D
404108,"2012 SF51",,"NEA>Apollo",D
,"2002 SS41",,"NEA>Amor",U
455185,"2000 EB107",,"NEA>Amor",V
,"2002 RS129",,"NEA>Apollo",S
,"1997 GH3",,"NEA>Amor",V
,"1997 GH3",,"NEA>Amor",V
19356,"1997 GH3",,"NEA>Amor",V
,"2010 ST16",,"NEA>Amor",U
482054,"2010 AE",,"NEA>Apollo",V
,"2017 MJ8",,"NEA>Apollo",V
,"2012 SN30",,"NEA>Apollo",V
,"2014 HD177",,"NEA>Apollo",U
,"2017 MJ8",,"NEA>Apollo",V
,"2000 EB107",,"NEA>Amor",V
,"2006 FG36",,"NEA>Amor",C
162566,"2000 RJ34",,"NEA>Amor",C
6063,"Jason",,"NEA>Apollo",U
,"1998 WT30",,"NEA>Amor",V
19356,"1997 GH3",,"NEA>Amor",V
,"2013 CN35",,"NEA>Amor",U
446804,"1999 VN6",,"NEA>Amor",U
,"2014 QX432",,"NEA>Apollo",C
369983,"1998 QB28",,"NEA>Amor",V
,"1998 QB28",,"NEA>Amor",V
,"2004 TB10",,"NEA>Apollo",U
,"2011 JK",,"NEA>Amor",V
,"2017 MJ8",,"NEA>Apollo",V
19356,"1997 GH3",,"NEA>Amor",V
375657,"2009 CP5",,"NEA>Apollo",B
,"2014 EY24",,"NEA>Apollo",U
