Number,Name,DynClass,u-v,u-g,u-r,u-i,u-z,v-g,v-r,v-i,v-z,g-r,g-i,i-z,g-z,r-i,r-z,complex,complex1,complex2,nc
7977,"        1977 QQ5","           NEA>Amor",,,,,,,,,,0.3584,0.6593,-0.1513,0.508,0.3009,0.1496,S,"pU","pS",1
331471,"        1984 QY1","         NEA>Apollo",,,,,,,,,,0.4141,,,,,,S,"  ","  ",5
5131,"         1990 BG","         NEA>Apollo",,,,,,,,,,0.3808,,0.0023,,,,S,"pS","pU",2
9856,"         1991 EE","         NEA>Apollo",,,,,,,,,,0.5154,0.698,-0.2239,0.478,0.1826,-0.0374,V,"pU","pV",1
5626,"         1991 FE","           NEA>Amor",,,,,,,,,,0.4109,0.8234,-0.0957,0.6349,0.4324,0.241,U,"pU","pS",1
5604,"         1992 FE","           NEA>Aten",,,,,,1.3397,1.7661,1.8483,1.4522,0.4264,0.5086,-0.3961,0.1125,0.0822,-0.3139,V,"pU","pV",1
39565,"         1992 SL","           NEA>Amor",,,,,,,,,,0.6136,,,,,,U,"  ","  ",5
65717,"        1993 BX3","         NEA>Apollo",,,,,,,,,,-0.3913,0.8994,,,1.2907,,U,"  ","  ",5
8037,"        1993 HO1","           NEA>Amor",,,,,,,,,,0.5128,0.767,,,0.2542,,S,"  ","  ",5
5836,"         1993 MF","           NEA>Amor",,,,,,1.4251,1.7971,,,0.372,,,,,,S,"  ","  ",5
9202,"         1993 PB","         NEA>Apollo",,,,,,1.289,1.7165,1.9684,1.8673,0.3356,0.4665,-0.062,0.4045,0.1309,0.0689,B,"pU","pB",1
7888,"         1993 UC","         NEA>Apollo",,,,,,,,,,0.3656,,,,,,S,"  ","  ",5
7350,"         1993 VA","         NEA>Apollo",,,,,,,,,,0.3126,,,,,,C,"  ","  ",5
10145,"        1994 CK1","         NEA>Apollo",,,,,,,,,,0.0795,,,,,,U,"  ","  ",5
136618,"        1994 CN2","         NEA>Apollo",,,,,,,,,,0.3995,,,,,,S,"  ","  ",5
152575,"         1994 GY","           NEA>Amor",,,,,2.8002,,,,,0.4098,,,,,,S,"  ","  ",5
7482,"        1994 PC1","         NEA>Apollo",,,,,,,,,,0.4757,0.653,,,0.1773,,S,"  ","  ",5
9400,"        1994 TW1","           NEA>Amor",,,,,,,,,,0.2809,0.3517,-0.014,0.5446,0.0708,0.2637,B,"pU","pB",1
136635,"        1994 VA1","           NEA>Amor",,,,,,,,,,0.4077,0.6784,-0.1737,0.4025,0.313,0.0371,S,"pU","pS",1
243566,"         1995 SA","         NEA>Apollo",,,,,,,,,,0.2526,,,,,,C,"  ","  ",5
23606,"        1996 AS1","           NEA>Amor",,,,,,,,,,0.2192,,,,,,C,"  ","  ",5
467309,"        1996 AW1","         NEA>Apollo",,,,,,,,,,,,-0.1693,,0.2042,0.0349,S,"pS","pU",4
162038,"         1996 DH","           NEA>Amor",,,,,,,,,,0.4701,0.7289,,,0.267,,S,"  ","  ",5
8567,"        1996 HW1","           NEA>Amor",,,,,,,,,,0.3334,0.7992,,,0.521,,C,"  ","  ",5
152637,"        1997 NC1","           NEA>Aten",,,,,,,,,,,,-0.2045,,0.1137,-0.0908,Q,"pU","pQ",4
85490,"        1997 SE5","           NEA>Amor",,,,,,,,,,0.3123,,,,,,C,"  ","  ",5
39796,"         1997 TD","           NEA>Amor",0.5386,2.085,2.4375,2.6238,2.2576,1.5464,1.8989,2.0852,1.719,0.3581,0.5601,-0.3893,0.1706,0.1912,-0.193,V,"pV","pU",1
136849,"        1998 CS1","         NEA>Apollo",,,,,,,,,,0.6404,0.8389,-0.2197,0.6192,0.1985,-0.0212,U,"pU","pV",1
136874,"       1998 FH74","         NEA>Apollo",,,,,,,,,,0.398,,,,,,S,"  ","  ",5
,"       1998 GL10","           NEA>Amor",,,,,,,,,,0.3437,0.5047,-0.01,0.4947,0.161,0.2257,X,"pU","pX",1
136897,"       1998 HJ41","           NEA>Amor",,,,,,,,,,0.4451,0.5492,-0.1304,0.4188,0.1041,-0.0263,V,"pU","pV",1
162082,"        1998 HL1","         NEA>Apollo",,,,,,,,,,0.632,,,,,,U,"  ","  ",5
136900,"       1998 HL49","         NEA>Apollo",,,,,,,,,,,0.7406,-0.5457,0.1949,,,V,"pU","pV",3
136923,"        1998 JH2","           NEA>Amor",,,,,,,,,,0.7146,0.9586,-0.0896,0.869,0.244,0.1544,U,"pU","pA",1
52750,"       1998 KK17","         NEA>Apollo",,,,,,,,,,0.3918,,,,,,S,"  ","  ",5
152679,"        1998 KU2","         NEA>Apollo",,,,,,,,,,0.3056,0.3837,-0.0079,0.3413,0.0781,0.0357,B,"pB","pC",1
85628,"        1998 KV2","           NEA>Amor",,,,,,,,,,0.3516,0.5218,-0.0949,0.2835,0.174,-0.0514,U,"pU","pB",1
31345,"         1998 PG","           NEA>Amor",,,,,,,,,,0.4814,0.6383,-0.1137,0.6142,0.1999,0.1328,S,"pU","pS",1
66008,"        1998 QH2","         NEA>Apollo",,,,,,,,,,0.373,0.5992,-0.0529,0.5463,0.2262,0.1733,X,"pU","pX",1
85713,"       1998 SS49","         NEA>Apollo",,,,,,,,,,0.3097,0.6121,,,0.318,,C,"  ","  ",5
333889,"        1998 SV4","           NEA>Aten",,,,,,,,,,0.268,,,,,,C,"  ","  ",5
66146,"        1998 TU3","           NEA>Aten",,,,,,,,,,0.3839,,-0.1819,,,,S,"pS","pU",2
159399,"        1998 UL1","           NEA>Amor",,,,,,,,,,0.4596,,-0.0037,,,,S,"pS","pU",2
192559,"         1998 VO","         NEA>Apollo",,,,,,,,,,-0.0819,0.4726,,,0.5545,,U,"  ","  ",5
137062,"         1998 WM","         NEA>Apollo",,,,,,,,,,,,-0.1176,,0.2174,0.0998,S,"pS","pA",4
85804,"        1998 WQ5","           NEA>Amor",,,,,,1.5291,1.969,2.2015,2.0927,0.4317,0.6536,-0.1052,0.5484,0.2219,0.1167,S,"pS","pU",1
,"        1999 AF4","           NEA>Amor",,,,,,,,,,0.2826,,,,,,C,"  ","  ",5
152754,"        1999 GS6","         NEA>Apollo",,,,,,,,,,0.3438,,,,,,U,"  ","  ",5
162168,"        1999 GT6","           NEA>Amor",,,,,,,,,,0.3649,0.6672,0.0604,0.7667,0.3452,0.4393,U,"pU","pK",1
25330,"        1999 KV4","         NEA>Apollo",,,,,,,,,,0.3301,,-0.1542,,,,U,"pU","pB",2
523803,"        1999 RV2","           NEA>Amor",,,,,,,,,,0.4556,,,,,,S,"  ","  ",5
152787,"       1999 TB10","           NEA>Amor",,,,,,,,,,0.4038,,,,,,S,"  ","  ",5
36183,"       1999 TX16","           NEA>Amor",,,,,,,,,,0.4194,0.4249,,,0.0055,,S,"  ","  ",5
337118,"        1999 TX2","         NEA>Apollo",,,,,,,,,,0.2369,,,,,,U,"  ","  ",5
413002,"       1999 VG22","           NEA>Amor",,,,,,,,,,0.5377,0.7201,-0.0934,0.6267,0.1824,0.089,S,"pU","pS",1
53435,"       1999 VM40","           NEA>Amor",,,,,,,,,,0.3342,0.7069,,,0.3721,,C,"  ","  ",5
171576,"       1999 VP11","         NEA>Apollo",,,,,,,,,,0.4023,0.9519,,,0.5496,,S,"  ","  ",5
474179,"        1999 VS6","         NEA>Apollo",,,,,,,,,,0.355,,,,,,S,"  ","  ",5
86324,"        1999 WA2","           NEA>Amor",,,,,,,,,,,,-0.1337,,0.2454,0.1163,A,"pA","pS",4
86326,"       1999 WK13","           NEA>Amor",,,,,,,,,,0.4225,,-0.0789,,,,S,"pS","pC",2
483422,"       2000 CE59","         NEA>Apollo",,,,,,,,,,0.7458,,,,,,U,"  ","  ",5
53789,"      2000 ED104","         NEA>Apollo",,,,,,,,,,,,-0.2525,,0.5273,0.2748,U,"pU","pC",4
185853,"       2000 ER70","           NEA>Amor",,,,,,,,,,0.4836,,,,,,S,"  ","  ",5
152942,"       2000 FN10","           NEA>Amor",,,,,,,,,,0.378,,-0.114,,,,S,"pU","pS",2
86667,"       2000 FO10","           NEA>Aten",,,,,,,,,,,,-0.3519,,0.1781,-0.1738,V,"pV","pU",4
152964,"       2000 GP82","         NEA>Apollo",,,,,,,,,,0.3799,1.0353,0.2127,1.248,0.6554,0.8681,U,"pU","pD",1
87024,"       2000 JS66","         NEA>Apollo",,,,,,,,,,0.2461,0.5952,-0.2435,0.3517,0.3491,0.1056,U,"pU","pV",1
87025,"       2000 JT66","         NEA>Apollo",,,,,,,,,,0.2219,0.5268,,,0.3049,,C,"  ","  ",5
18109,"       2000 NG11","           NEA>Amor",,,,,,,,,,0.2053,,-0.0102,,,,U,"pU","pB",2
401857,"        2000 PG3","         NEA>Apollo",,,,,,,,,,0.3459,,,,,,U,"  ","  ",5
162483,"        2000 PJ5","           NEA>Aten",,,,,,,,,,,,-0.1642,,0.4333,0.2691,U,"pU","pS",4
24445,"        2000 PM8","         NEA>Apollo",,,,,,,,,,0.3658,0.5803,-0.0533,0.527,0.2145,0.1612,U,"pU","pS",1
467317,"        2000 QW7","           NEA>Amor",,,,,,,,,,0.3785,0.6236,,,0.2451,,S,"  ","  ",5
162566,"       2000 RJ34","           NEA>Amor",,,,,,,,,,0.2748,0.4562,-0.0307,0.419,0.1797,0.1445,B,"pB","pU",1
162679,"        2000 TK1","         NEA>Apollo",,,,,,,,,,0.4755,,,,,,S,"  ","  ",5
20826,"       2000 UV13","         NEA>Apollo",,,,,,,,,,0.4149,,,,,,S,"  ","  ",5
434007,"       2000 VH61","           NEA>Amor",,,,,,,,,,0.205,0.5469,-0.0857,0.5762,0.3391,0.4047,U,"pU","pB",1
24475,"        2000 VN2","           NEA>Amor",,,,,,,,,,0.4177,,,,,,S,"  ","  ",5
106589,"      2000 WN107","         NEA>Apollo",,,,,,,,,,0.323,0.5251,-0.0364,0.4887,0.1717,0.1353,X,"pU","pX",1
88188,"       2000 XH44","           NEA>Amor",,,,,,,,,,0.2833,,,,,,C,"  ","  ",5
68063,"       2000 YJ66","           NEA>Amor",,,,,,,,,,0.3404,0.4883,,,0.1613,,C,"  ","  ",5
25916,"       2001 CP44","           NEA>Amor",,,,,,1.7052,2.0954,2.3275,2.2817,0.4429,0.6566,-0.0683,0.5926,0.2118,0.1574,S,"pS","pC",1
88254,"      2001 FM129","         NEA>Apollo",,,,,,,,,,0.2925,,,0.1057,,-0.1868,U,"  ","  ",5
159533,"       2001 HH31","           NEA>Amor",,,,,,,,,,0.3499,,,,,,U,"  ","  ",5
139345,"       2001 KA67","         NEA>Apollo",,,,,,,,,,,0.5064,0.1769,0.6833,,,U,"pU","pC",3
88263,"        2001 KQ1","           NEA>Amor",0.209,,,,,,,,,0.3288,0.4776,0.0362,0.5138,0.1425,0.1787,X,"pX","pU",1
99248,"       2001 KY66","         NEA>Apollo",,,,,,,,,,0.287,,-0.013,,,,B,"pB","pC",2
68346,"       2001 KZ66","         NEA>Apollo",,,,,,,,,,0.3676,0.6436,0.0205,0.4721,0.2782,0.0511,S,"pU","pS",1
108519,"         2001 LF","           NEA>Amor",,,,,,,,,,0.1657,,,,,,C,"  ","  ",5
178871,"        2001 MA8","           NEA>Amor",,,,,,,,,,0.2292,0.1586,,,-0.0706,,C,"  ","  ",5
68350,"        2001 MK3","           NEA>Amor",,,,,,,,,,0.4879,,,,,,S,"  ","  ",5
54789,"        2001 MZ7","           NEA>Amor",,,,,,,,,,0.331,0.4572,-0.0022,0.4055,0.1262,0.0745,X,"pX","pB",1
108906,"        2001 PL9","         NEA>Apollo",,,,,,,,,,0.5297,,,,,,S,"  ","  ",5
446833,"       2001 RB12","         NEA>Apollo",,,,,,,,,,0.7075,,,,,,U,"  ","  ",5
153591,"      2001 SN263","           NEA>Amor",,,,,,,,,,0.3427,0.4269,,,0.0842,,U,"  ","  ",5
347634,"      2001 SW269","         NEA>Apollo",,,,,,,,,,0.3404,,,,,,S,"  ","  ",5
413091,"       2001 UV16","           NEA>Amor",,,,,,,,,,0.4029,,,,,,S,"  ","  ",5
140928,"       2001 VG75","           NEA>Amor",,,,,,,,,,0.8141,,,,,,U,"  ","  ",5
89355,"       2001 VS78","           NEA>Amor",,,,,,,,,,0.3693,,,,,,S,"  ","  ",5
153842,"       2001 XT30","           NEA>Amor",,,,,,,,,,0.363,,-0.0422,,,,U,"pU","pK",2
275976,"       2001 XV10","         NEA>Apollo",,,,,,,,,,0.2708,,,,,,C,"  ","  ",5
313276,"        2002 AX1","           NEA>Aten",,,,,,,,,,0.3704,,,,,,S,"  ","  ",5
89830,"         2002 CE","           NEA>Amor",,,,,,,,,,0.4564,0.7785,,,0.3221,,S,"  ","  ",5
455299,"        2002 EL6","         NEA>Apollo",,,,,,,,,,0.4782,,,,,,S,"  ","  ",5
163243,"        2002 FB3","           NEA>Aten",,,,,,,,,,0.3926,0.5722,-0.1754,0.3968,0.1796,0.0042,Q,"pU","pQ",1
222869,"        2002 FB6","         NEA>Apollo",,,,,,,,,,0.6232,0.1725,,,-0.4507,,U,"  ","  ",5
154229,"       2002 JN97","         NEA>Apollo",,,,,,,,,,0.3752,0.4885,-0.1878,0.3007,0.1133,-0.0745,U,"pU","pQ",1
154244,"        2002 KL6","           NEA>Amor",,,,,,,,,,0.3879,0.6513,-0.2428,0.4085,0.2634,0.0206,V,"pV","pU",1
159686,"        2002 LB6","         NEA>Apollo",,,,,,,,,,0.389,0.4874,-0.127,0.387,0.1624,0.0404,U,"pU","pX",1
163335,"         2002 LJ","         NEA>Apollo",,,,,,,,,,0.9559,,,,,,U,"  ","  ",5
99799,"        2002 LJ3","           NEA>Amor",,,,,,,,,,0.3418,0.5305,-0.1963,0.3384,0.1868,8.0E-4,U,"pU","pV",1
141765,"        2002 MP3","           NEA>Amor",,,,,,,,,,0.3481,,,,,,S,"  ","  ",5
495848,"        2002 QD7","         NEA>Apollo",,,,,,,,,,0.4579,0.9388,,,0.4809,,S,"  ","  ",5
142040,"       2002 QE15","           NEA>Amor",,,,,,,,,,0.3552,0.7029,,,0.3477,,S,"  ","  ",5
247517,"        2002 QY6","           NEA>Aten",,,,,,,,,,0.5114,,,,,,S,"  ","  ",5
,"         2002 RB","           NEA>Amor",,,,,,,,,,0.3113,0.498,-0.1493,0.3487,0.1815,0.0322,U,"pU","pC",1
370307,"       2002 RH52","         NEA>Apollo",,,,,,,,,,,,-0.049,,0.3488,0.2998,S,"pU","pS",4
112985,"       2002 RS28","           NEA>Amor",,,,,,,,,,0.3788,0.7893,-0.246,0.5433,0.4105,0.1645,V,"pU","pV",1
163412,"       2002 RV25","           NEA>Amor",,,,,,,,,,0.1344,,,,,,C,"  ","  ",5
253062,"       2002 TC70","           NEA>Amor",,,,,,,,,,0.516,,-0.2465,,,,S,"pU","pS",2
326683,"         2002 WP","           NEA>Amor",,,,,,,,,,0.3545,0.6445,,,0.29,,S,"  ","  ",5
469494,"       2002 XS40","         NEA>Apollo",,,,,,,,,,0.3847,0.6095,,,0.2248,,S,"  ","  ",5
310842,"       2003 AK18","           NEA>Aten",,,,,,,,,,0.2543,0.4112,-0.0779,0.3333,0.1569,0.079,U,"pU","pB",1
143527,"       2003 EN16","           NEA>Amor",,,,,,,,,,0.2892,,,,,,C,"  ","  ",5
350988,"         2003 GW","         NEA>Apollo",,,,,,,,,,0.5088,,,,,,S,"  ","  ",5
183548,"       2003 HU42","           NEA>Amor",,,,,,,,,,0.3193,,,,,,C,"  ","  ",5
422977,"        2003 MV7","           NEA>Amor",,,,,,,,,,0.2059,,,,,,C,"  ","  ",5
143643,"        2003 NP7","           NEA>Amor",,,,,,,,,,0.3267,0.3781,0.3614,0.7395,0.029,0.3904,U,"pU","pC",1
524594,"        2003 NW1","         NEA>Apollo",,,,,,,,,,0.575,,,,,,S,"  ","  ",5
488645,"         2003 OV","         NEA>Apollo",,,,,,,,,,0.5045,,,,,,S,"  ","  ",5
242211,"       2003 QB90","           NEA>Amor",,,,,,,,,,0.3992,,-0.156,,,,S,"pU","pS",1
206359,"       2003 QM47","           NEA>Amor",,,,,,,,,,0.3137,,,,,,U,"  ","  ",5
206378,"         2003 RB","         NEA>Apollo",,,,,,,,,,0.375,0.6177,-0.0296,0.5881,0.2427,0.2131,S,"pU","pS",1
143678,"      2003 SA224","           NEA>Amor",,,,,,,,,,0.255,,,,,,C,"  ","  ",5
223456,"       2003 UB10","           NEA>Amor",,,,,,,,,,0.3744,,,,,,S,"  ","  ",5
226554,"       2003 WR21","         NEA>Apollo",,,,,,,,,,0.3509,,,,,,S,"  ","  ",5
143947,"      2003 YQ117","         NEA>Apollo",,,,,,,,,,0.3593,,,,,,S,"  ","  ",5
,"       2003 YS17","           NEA>Aten",,,,,,,,,,-0.29,,,,,,U,"  ","  ",5
232691,"        2004 AR1","         NEA>Apollo",,,,,,,,,,,,-0.1555,,0.0158,-0.1397,U,"pU","pB",4
468462,"      2004 BS102","           NEA>Amor",,,,,,,,,,0.4239,0.5866,-0.4479,0.1377,0.1573,-0.2872,V,"pV","pC",1
154656,"        2004 FE3","         NEA>Apollo",,,,,,,,,,0.4744,0.6975,-0.2963,0.4012,0.0545,-0.2418,V,"pU","pV",1
186822,"       2004 FE31","         NEA>Apollo",,,,,,,,,,0.5574,0.3456,0.0342,0.3798,-0.2709,-0.2367,U,"pU","pV",1
303174,"       2004 FH11","           NEA>Amor",,,,,,,,,,0.5262,0.656,-0.106,0.5497,0.1251,0.0223,S,"pU","pS",1
374038,"         2004 HW","         NEA>Apollo",,,,,,,,,,0.3643,0.6645,,,0.3002,,S,"  ","  ",5
214088,"       2004 JN13","         NEA>Apollo",,,,,,,,,,0.3937,0.6301,-0.0991,0.5352,0.2295,0.1326,S,"pS","pU",1
455550,"        2004 JO2","         NEA>Apollo",,,,,,,,,,,0.6348,-0.0991,0.5357,,,S,"pS","pQ",3
,"       2004 PY27","           NEA>Amor",,,,,,,,,,0.3131,0.5932,-0.1885,0.4047,0.2801,0.0916,U,"pU","pV",1
450300,"       2004 QD14","           NEA>Aten",,,,,,,,,,0.48,0.5978,,,0.1178,,S,"  ","  ",5
318160,"        2004 QZ2","           NEA>Amor",,,,,,,,,,0.3832,1.2082,,,0.825,,S,"  ","  ",5
523605,"       2004 RX10","           NEA>Aten",,,,,,,,,,0.3514,,,,,,S,"  ","  ",5
235756,"         2004 VC","         NEA>Apollo",,,,,,,,,,0.1656,0.2292,,,-0.1754,,C,"  ","  ",5
177651,"       2004 XM14","         NEA>Apollo",,,,,,,,,,0.27,-0.033,,,-0.303,,C,"  ","  ",5
385580,"       2004 XO14","           NEA>Amor",,,,,,,,,,0.3479,0.5356,-0.0976,0.438,0.1877,0.0901,U,"pU","pC",1
230979,"       2005 AT42","           NEA>Amor",,,,,,,,,,0.3146,0.5316,0.0303,0.5619,0.217,0.2473,X,"pX","pU",1
175189,"      2005 EC224","           NEA>Amor",,,,,,,,,,0.3633,0.3936,0.1702,0.5638,0.0303,0.2005,U,"pU","pC",1
508997,"        2005 FL4","         NEA>Apollo",,,,,,,,,,0.4229,-0.1237,,,-0.5466,,S,"  ","  ",5
250620,"       2005 GE59","         NEA>Apollo",,,,,,,,,,0.4296,,,,,,S,"  ","  ",5
416804,"      2005 GP128","           NEA>Amor",,,,,,,,,,0.4329,,,,,,S,"  ","  ",5
368664,"       2005 JA22","           NEA>Amor",,,,,,,,,,0.5994,0.81,,,0.2106,,U,"  ","  ",5
,"       2005 LA37","           NEA>Amor",,,,,,,,,,0.7235,,,,,,U,"  ","  ",5
242643,"        2005 NZ6","         NEA>Apollo",,,,,,,,,,0.1621,0.2774,0.0801,0.3575,0.1153,0.1954,U,"pU","pC",1
405562,"        2005 OJ3","           NEA>Amor",,,,,,,,,,0.3584,,,,,,S,"  ","  ",5
242708,"        2005 UK1","         NEA>Apollo",,,,,,,,,,0.4781,0.5301,-0.1961,0.334,0.052,-0.1441,V,"pU","pV",1
190166,"      2005 UP156","           NEA>Amor",,,,,,,,,,0.4939,0.6746,,,0.1807,,S,"  ","  ",5
,"       2005 WF57","           NEA>Amor",,,,,,,,,,0.1695,,,,,,C,"  ","  ",5
377732,"        2005 XJ8","         NEA>Apollo",,,,,,,,,,0.4872,,,0.5512,,0.064,S,"  ","  ",5
526238,"       2005 YY36","           NEA>Amor",,,,,,,,,,0.3588,0.4926,-0.0036,0.5059,0.1304,0.143,X,"pU","pX",1
,"       2006 KZ86","         NEA>Apollo",,,,,,,,,,0.2233,,,,,,C,"  ","  ",5
,"        2006 OS9","         NEA>Apollo",,,,,,,,,,0.158,,,,,,C,"  ","  ",5
292165,"        2006 SC6","         NEA>Apollo",,,,,,,,,,0.4371,,,,,,S,"  ","  ",5
,"      2006 SK134","         NEA>Apollo",,,,,,,,,,0.2223,,,,,,U,"  ","  ",5
248818,"      2006 SZ217","           NEA>Amor",,,,,,,,,,0.3426,0.8928,,,0.5502,,S,"  ","  ",5
438429,"        2006 WN1","           NEA>Amor",,,,,,,,,,0.2091,0.4276,0.0053,0.4305,0.2268,0.223,C,"pU","pC",1
481442,"        2006 WO3","           NEA>Aten",,,,,,,,,,0.4113,,,,,,S,"  ","  ",5
293054,"      2006 WP127","         NEA>Apollo",,,,,,,,,,0.3281,,,,,,C,"  ","  ",5
248926,"        2006 WZ2","           NEA>Amor",,,,,,,,,,0.2666,0.3047,0.0446,0.4202,0.085,0.2005,B,"pU","pB",1
349068,"       2006 YT13","         NEA>Apollo",,,,,,,,,,0.5379,,,,,,S,"  ","  ",5
349074,"        2007 BM8","         NEA>Apollo",,,,,,,,,,0.2369,0.4882,,,0.2513,,C,"  ","  ",5
526825,"       2007 CK26","         NEA>Apollo",,,,,,,,,,0.113,,,,,,C,"  ","  ",5
,"       2007 DL41","         NEA>Apollo",,,,,,,,,,0.4537,,,,,,S,"  ","  ",5
391451,"       2007 FE20","           NEA>Amor",,,,,,,,,,0.3261,,,,,,C,"  ","  ",5
475967,"       2007 JF22","           NEA>Amor",,,,,,,,,,0.1658,,,0.5042,,0.3384,C,"  ","  ",5
,"         2007 KD","           NEA>Amor",,,,,,,,,,0.2169,,,,,,C,"  ","  ",5
,"        2007 NL1","         NEA>Apollo",,,,,,,,,,-0.1229,,,,,,U,"  ","  ",5
523619,"       2007 RX19","         NEA>Apollo",,,,,,,,,,0.5903,,-0.4998,,,,U,"pU","pV",2
251346,"         2007 SJ","         NEA>Apollo",,,,,,,,,,0.4273,,,,,,S,"  ","  ",5
,"       2007 TG25","           NEA>Amor",,,,,,,,,,0.4541,0.5769,-0.0133,0.5636,0.1547,0.1414,U,"pU","pK",1
,"       2007 TQ24","           NEA>Aten",,,,,,,,,,-0.0721,,,,,,U,"  ","  ",5
243147,"       2007 TX18","           NEA>Amor",,,,,,,,,,0.2701,,,,,,C,"  ","  ",5
328059,"        2007 UB6","           NEA>Amor",,,,,,,,,,0.2768,0.5999,-0.0958,0.5041,0.3231,0.2273,U,"pU","pS",1
294739,"         2008 CM","         NEA>Apollo",,,,,,,,,,,,-0.162,,0.1967,0.0347,S,"pS","pQ",4
448003,"         2008 DE","         NEA>Apollo",,,,,,,,,,0.4147,0.6057,,,0.0095,,S,"  ","  ",5
386259,"        2008 EJ1","         NEA>Apollo",,,,,,,,,,0.1593,0.5115,,,0.3522,,C,"  ","  ",5
388838,"        2008 EZ5","           NEA>Amor",,,,,,,,,,0.7483,,-0.0116,,,,U,"pU","pS",2
274138,"        2008 FU6","         NEA>Apollo",,,,,,,,,,0.3024,0.5051,-0.2171,0.3475,0.2325,-0.0128,U,"pU","pV",1
516641,"      2008 GB110","           NEA>Amor",,,,,,,,,,0.4028,0.2135,,,-0.1896,,S,"  ","  ",5
498548,"      2008 GH110","         NEA>Apollo",,,,,,,,,,0.2819,,,,,,C,"  ","  ",5
,"         2008 GX","           NEA>Amor",,,,,,,,,,0.319,,,,,,C,"  ","  ",5
518640,"        2008 KZ5","         NEA>Apollo",,,,,,,,,,0.4654,0.7993,-0.007,0.7923,0.3339,0.3269,U,"pU","pL",1
496018,"         2008 NU","           NEA>Amor",,,,,,,,,,-0.0162,,,,,,U,"  ","  ",5
,"        2008 SR1","         NEA>Apollo",,,,,,,,,,0.3657,,,,,,S,"  ","  ",5
,"        2008 XE2","           NEA>Amor",,,,,,,,,,0.4012,,,,,,S,"  ","  ",5
,"       2008 YR27","         NEA>Apollo",,,,,,,,,,0.3507,,,,,,S,"  ","  ",5
418929,"        2009 DM1","           NEA>Amor",,,,,,,,,,0.5164,0.7636,0.0762,0.8398,0.2472,0.3234,L,"pL","pU",1
343098,"       2009 DV42","           NEA>Amor",,,,,,,,,,0.4424,,,,,,S,"  ","  ",5
369264,"         2009 MS","         NEA>Apollo",,,,,,,,,,0.4494,0.2588,,,-0.1906,,S,"  ","  ",5
518737,"        2009 OO9","         NEA>Apollo",,,,,,,,,,0.6308,,,,,,U,"  ","  ",5
468684,"       2009 QY33","           NEA>Amor",,,,,,,,,,0.4112,,,,,,S,"  ","  ",5
,"      2009 SK104","           NEA>Amor",,,,,,,,,,0.3265,0.3852,-0.0845,0.3355,0.0587,0.009,B,"pB","pU",1
529450,"         2010 AK","         NEA>Apollo",,,,,,,,,,0.3736,,,,,,S,"  ","  ",5
356285,"         2010 DE","           NEA>Amor",,,,,,,,,,0.5755,,,,,,S,"  ","  ",5
516803,"       2010 JG88","         NEA>Apollo",,,,,,,,,,0.262,,,0.7,,0.4654,C,"  ","  ",5
411201,"       2010 LJ14","           NEA>Amor",,,,,,,,,,0.3988,0.5598,-0.1298,0.4579,0.2048,0.0846,Q,"pU","pQ",1
414772,"      2010 OC103","         NEA>Apollo",,,,,,,,,,-0.0391,,,,,,U,"  ","  ",5
,"      2010 RH178","           NEA>Amor",,,,,,,,,,0.7401,,,,,,U,"  ","  ",5
510262,"       2011 HJ61","         NEA>Apollo",,,,,,,,,,0.265,,,,,,U,"  ","  ",5
,"         2011 MF","           NEA>Amor",,,,,,,,,,0.5357,0.4069,,,-0.1288,,S,"  ","  ",5
,"         2011 OB","           NEA>Aten",,,,,,,,,,-0.073,,,,,,U,"  ","  ",5
458745,"       2011 QY37","           NEA>Amor",,,,,,,,,,0.3546,,,,,,S,"  ","  ",5
420286,"         2011 RZ","         NEA>Apollo",,,,,,,,,,0.5031,0.7489,-0.2814,0.4675,0.2458,-0.0356,V,"pU","pV",1
,"      2011 UM147","           NEA>Amor",,,,,,,,,,0.7376,,,,,,U,"  ","  ",5
,"       2011 WK15","           NEA>Amor",,,,,,,,,,0.186,,0.1669,,,,U,"pU","pC",2
530938,"         2011 XE","           NEA>Aten",,,,,,,,,,0.3605,0.6608,,,0.3003,,S,"  ","  ",5
,"         2012 CT","           NEA>Amor",,,,,,,,,,0.5546,,,,,,S,"  ","  ",5
436775,"        2012 LC1","         NEA>Apollo",,,,,,,,,,0.2936,0.3648,,,0.0712,,C,"  ","  ",5
,"       2012 QG42","         NEA>Apollo",,,,,,,,,,1.3737,,,,,,U,"  ","  ",5
523667,"      2012 TM139","           NEA>Amor",,,,,,,,,,0.3142,0.5756,-0.0873,0.4883,0.2614,0.1741,U,"pU","pS",1
454177,"       2013 GJ35","           NEA>Amor",,,,,,,,,,0.4102,,,,,,S,"  ","  ",5
439437,"        2013 NK4","         NEA>Apollo",,,,,,,,,,0.5093,0.4672,,,-0.0421,,S,"  ","  ",5
,"       2013 WW44","         NEA>Apollo",,,,,,,,,,0.6633,,,,,,U,"  ","  ",5
,"       2014 FL33","         NEA>Apollo",,,,,,,,,,0.5061,,,,,,S,"  ","  ",5
495331,"       2014 KF91","           NEA>Amor",,,,,,,,,,1.0835,,,,,,U,"  ","  ",5
,"       2014 NA64","           NEA>Amor",,,,,,,,,,0.3879,0.5783,0.0542,0.6325,0.1904,0.2446,X,"pX","pU",1
492478,"       2014 NB39","         NEA>Apollo",,,,,,,,,,-0.1965,,,,,,U,"  ","  ",5
533722,"       2014 NE52","         NEA>Apollo",,,,,,,,,,0.4584,0.5234,-0.2207,0.3022,0.1089,-0.1183,V,"pU","pV",1
520585,"        2014 OA2","           NEA>Amor",,,,,,,,,,,,-0.1317,,0.1945,0.0628,S,"pS","pQ",4
,"       2014 PR62","           NEA>Amor",,,,,,1.6059,1.9509,2.0732,2.1224,0.3524,0.5504,-0.1253,0.4198,0.1973,0.056,U,"pU","pV",1
,"      2014 QK434","         NEA>Apollo",,,,,,,,,,-0.5145,,,,,,U,"  ","  ",5
511523,"      2014 QS439","           NEA>Amor",,,,,,,,,,0.6752,,,,,,U,"  ","  ",5
,"      2014 UA192","           NEA>Amor",,,,,,,,,,0.257,,,,,,C,"  ","  ",5
,"      2015 BE513","           NEA>Aten",,,,,,,,,,0.2535,,,,,,C,"  ","  ",5
,"      2015 DP155","           NEA>Amor",,,,,,,,,,0.4226,0.6279,-0.2085,0.4194,0.2053,-0.0032,S,"pU","pS",1
536531,"      2015 DV215","         NEA>Apollo",,,,,,,,,,0.3939,0.6297,-0.1953,0.414,0.2342,0.0486,S,"pS","pU",1
487583,"       2015 FJ36","         NEA>Apollo",,,,,,,,,,0.2435,0.3969,,,0.1534,,C,"  ","  ",5
,"       2015 GF27","           NEA>Amor",,,,,,,,,,0.6561,,,,,,U,"  ","  ",5
,"        2015 HF9","         NEA>Apollo",,,,,,,,,,0.2603,,,,,,S,"  ","  ",5
,"       2015 LB40","           NEA>Amor",,,,,,,,,,0.7474,,,,,,U,"  ","  ",5
,"         2015 OH","           NEA>Amor",,,,,,,,,,0.3576,,,,,,S,"  ","  ",5
,"       2015 OR78","           NEA>Amor",,,,,,,,,,0.4344,,,,,,S,"  ","  ",5
,"       2015 RB82","           NEA>Amor",,,,,,1.297,1.6051,1.659,,0.3081,0.362,,,0.0539,,C,"  ","  ",5
516154,"       2016 CL32","         NEA>Apollo",,,,,,,,,,0.3944,0.379,0.0741,0.4531,-0.0154,0.0587,U,"pU","pX",1
,"        2016 FT3","         NEA>Apollo",,,,,,,,,,-0.0294,,,,,,U,"  ","  ",5
,"         2016 NV","         NEA>Apollo",,,,,,,,,,0.6689,,,,,,U,"  ","  ",5
,"        2016 OZ2","         NEA>Apollo",,,,,,,,,,0.332,,,,,,S,"  ","  ",5
,"       2016 RW33","           NEA>Amor",,,,,,,,,,0.3827,0.6377,,,0.255,,S,"  ","  ",5
,"         2016 SD","         NEA>Apollo",,,,,,,,,,0.3721,0.6725,0.0088,0.6813,0.3004,0.3092,S,"pU","pS",1
,"        2016 VE2","           NEA>Amor",,,,,,,,,,0.3464,,,,,,S,"  ","  ",5
,"       2017 DC36","           NEA>Aten",,,,,,,,,,0.5102,,,,,,S,"  ","  ",5
,"       2017 HW48","           NEA>Amor",,,,,,,,,,0.3294,,,,,,U,"  ","  ",5
,"        2017 KO4","           NEA>Amor",,,,,,,,,,0.8028,,,,,,U,"  ","  ",5
,"       2017 QJ18","           NEA>Amor",,,,,,,,,,0.5942,1.1162,0.2684,1.3846,0.1259,0.3943,U,"pU","pD",1
,"       2017 QQ32","           NEA>Amor",,,,,,,,,,0.4353,,,,,,S,"  ","  ",5
,"       2017 SR32","           NEA>Amor",,,,,,,,,,0.364,,,,,,S,"  ","  ",5
,"       2017 SV20","         NEA>Apollo",,,,,,,,,,0.7487,,,,,,U,"  ","  ",5
,"        2017 TV4","         NEA>Apollo",,,,,,,,,,0.2348,,,,,,U,"  ","  ",5
,"        2017 UZ4","           NEA>Amor",,,,,,,,,,0.3214,0.7871,,,0.4671,,C,"  ","  ",5
,"       2017 VR12","         NEA>Apollo",,,,,,,,,,0.5988,1.1128,-0.3508,0.762,0.514,0.1632,U,"pU","pC",1
,"       2018 CZ13","           NEA>Amor",,,,,,,,,,0.327,,-0.3514,,,,U,"pU","pV",2
,"        2018 DX3","           NEA>Amor",,,,,,,,,,,,-0.1967,,0.1053,-0.4328,V,"pU","pV",4
,"        2018 EJ4","           NEA>Amor",,,,,,,,,,-0.0486,,,,,,U,"  ","  ",5
,"        2018 FE5","           NEA>Amor",,,,,,,,,,0.3611,,,,,,S,"  ","  ",5
,"        2018 FQ5","           NEA>Amor",,,,,,,,,,0.3835,0.6836,-0.0861,0.5975,0.3001,0.214,S,"pS","pU",1
,"        2018 JC3","           NEA>Amor",,,,,,,,,,0.3517,0.505,-0.0807,0.4243,0.1533,0.0726,U,"pU","pB",1
,"        2018 JQ1","           NEA>Amor",,,,,,,,,,0.1151,,,,,,C,"  ","  ",5
,"        2018 JS1","           NEA>Amor",,,,,,,,,,0.3518,,,,,,S,"  ","  ",5
,"        2018 KE3","           NEA>Amor",,,,,,,,,,0.4498,,,,,,S,"  ","  ",5
,"         2018 KV","         NEA>Apollo",,,,,,,,,,0.3141,,,,,,C,"  ","  ",5
,"         2018 NB","           NEA>Amor",,,,,,,,,,0.4349,0.6286,-0.1672,0.4614,0.109,-0.0582,S,"pS","pU",1
,"        2018 NM4","           NEA>Amor",,,,,,,,,,0.1282,,,,,,C,"  ","  ",5
,"         2018 NN","           NEA>Amor",,,,,,,,,,0.1843,0.3506,,,0.2653,,C,"  ","  ",5
,"        2018 NS1","           NEA>Amor",,,,,,,,,,0.2578,,,,,,C,"  ","  ",5
,"       2018 PX23","         NEA>Apollo",,,,,,,,,,0.1176,0.468,,,0.3504,,C,"  ","  ",5
,"        2018 RV5","           NEA>Amor",,,,,,,,,,0.1406,0.3918,,,0.2512,,C,"  ","  ",5
566540,"        2018 RW7","         NEA>Apollo",,,,,,,,,,0.5848,,,,,,S,"  ","  ",5
,"        2018 TO1","         NEA>Apollo",,,,,,,,,,0.3392,,,,,,U,"  ","  ",5
,"        2018 TT1","           NEA>Amor",,,,,,,,,,0.7858,,,,,,U,"  ","  ",5
,"        2019 BP1","         NEA>Apollo",,,,,,,,,,0.2999,,,,,,C,"  ","  ",5
,"        2019 CO4","         NEA>Apollo",,,,,,,,,,0.3324,,,,,,S,"  ","  ",5
,"        2019 LK5","           NEA>Amor",,,,,,,,,,0.475,,,,,,S,"  ","  ",5
567077,"        2019 LW1","           NEA>Amor",,,,,,,,,,0.4197,,,,,,S,"  ","  ",5
,"        2019 ME2","           NEA>Amor",,,,,,,,,,0.3486,,,,,,S,"  ","  ",5
,"        2019 NC1","           NEA>Aten",,,,,,,,,,0.4783,,-0.0468,,,,S,"pS","pU",2
,"        2019 NF2","           NEA>Amor",,,,,,,,,,0.6328,,,,,,U,"  ","  ",5
,"        2019 NP3","           NEA>Amor",,,,,,,,,,0.5029,,,,,,S,"  ","  ",5
,"        2019 NZ2","           NEA>Amor",,,,,,,,,,0.5775,,,,,,S,"  ","  ",5
,"        2019 OH1","           NEA>Aten",,,,,,,,,,0.2097,,,,,,C,"  ","  ",5
,"        2019 OV2","           NEA>Amor",,,,,,,,,,0.3181,,-0.1103,,,,B,"pU","pB",2
,"        2019 QL4","           NEA>Amor",,,,,,,,,,0.4015,,,,,,S,"  ","  ",5
,"         2019 RK","         NEA>Apollo",,,,,,,,,,0.412,,,,,,S,"  ","  ",5
,"        2019 RN4","           NEA>Amor",,,,,,,,,,0.1151,,,,,,C,"  ","  ",5
,"        2019 SH1","           NEA>Amor",,,,,,,,,,0.5591,,,,,,S,"  ","  ",5
719,"          Albert","           NEA>Amor",,,,,,,,,,0.4931,0.7029,-0.085,0.6221,0.2111,0.1292,S,"pS","pU",1
887,"          Alinda","           NEA>Amor",,,,,,,,,,0.3718,0.6672,,,0.298,,S,"  ","  ",5
3554,"            Amun","           NEA>Aten",,,,,,,,,,0.3419,0.6042,0.0027,0.6069,0.2623,0.265,X,"pU","pX",1
1943,"         Anteros","           NEA>Amor",,,,,,,,,,0.4367,0.6582,0.0464,0.7046,0.2215,0.2679,L,"pL","pU",1
2061,"            Anza","           NEA>Amor",,,,,,,,,,0.3459,0.5454,-0.1141,0.4313,0.1234,0.0093,U,"pU","pX",1
1862,"          Apollo","         NEA>Apollo",,,,,,,,,,0.1741,0.3041,-0.1299,0.1742,0.13,1.0E-4,U,"pU","pB",1
4581,"       Asclepius","         NEA>Apollo",,,,,,,,,,0.1655,,,,,,C,"  ","  ",5
11284,"         Belenus","           NEA>Amor",,,,,,,,,,0.5385,,,,,,S,"  ","  ",5
2368,"      Beltrovata","           NEA>Amor",,,,,,,,,,0.3739,,,,,,S,"  ","  ",5
1580,"         Betulia","           NEA>Amor",,,,,,,,,,0.1925,,,,,,C,"  ","  ",5
4957,"     Brucemurray","           NEA>Amor",,,,,,,,,,0.5191,0.8139,-0.0772,0.7611,0.2948,0.242,A,"pU","pA",1
3752,"         Camillo","         NEA>Apollo",,,,,,,,,,0.4026,,,,,,S,"  ","  ",5
21088,"     Chelyabinsk","           NEA>Amor",,,,,,,,,,0.4045,0.7436,-0.1004,0.7009,0.3391,0.2964,S,"pU","pS",1
4183,"            Cuno","         NEA>Apollo",,,,,,,,,,0.4243,0.4584,-0.0869,0.3627,0.0674,-0.0198,U,"pU","pC",1
1917,"            Cuyo","           NEA>Amor",,,,,,,,,,0.4071,,,,,,S,"  ","  ",5
3552,"     Don Quixote","           NEA>Amor",,,,,,,,,,0.4279,0.6952,0.0905,0.795,0.2673,0.3671,L,"pL","pD",1
4954,"            Eric","           NEA>Amor",,1.8356,2.3011,2.5226,2.4356,,,,,0.3786,0.6233,-0.0492,0.5716,0.2419,0.1843,S,"pU","pS",1
433,"            Eros","           NEA>Amor",,2.0887,2.5247,2.8258,2.7561,,,,,0.436,0.7371,-0.0697,0.6674,0.3011,0.2314,U,"pU","pS",1
3122,"        Florence","           NEA>Amor",,,,,,,,,,0.5009,0.633,-0.183,0.5692,0.1321,0.0683,S,"pS","pU",1
1036,"         Ganymed","           NEA>Amor",0.4661,1.9591,2.3369,2.5832,2.4872,1.5269,1.9068,2.1263,2.0585,0.3799,0.6243,-0.0778,0.5454,0.2187,0.1471,S,"pS","pU",1
6456,"        Golombek","           NEA>Amor",,,,,,,,,,0.4559,0.6338,-0.1052,0.526,0.1773,0.0746,S,"pS","pU",1
1566,"          Icarus","         NEA>Apollo",,,,,,,,,,0.3977,0.5241,-0.2497,0.2744,0.1264,-0.1233,V,"pV","pU",1
1627,"            Ivar","           NEA>Amor",0.6305,2.1514,2.5997,2.8397,2.7353,1.5209,1.9692,2.2092,2.1048,0.4483,0.6883,-0.1044,0.5839,0.24,0.1356,S,"pS","pC",1
4055,"        Magellan","           NEA>Amor",0.4923,2.0761,2.5108,2.665,2.2715,1.5869,2.0188,2.1758,1.7823,0.4672,0.5975,-0.3935,0.204,0.1616,-0.2319,V,"pV","pC",1
13553,"   Masaakikoyama","           NEA>Amor",,,,,,,,,,0.1552,0.5181,0.0449,0.563,0.1744,0.2193,U,"pU","pX",1
4947,"         Ninkasi","           NEA>Amor",,,,,,,,,,0.5441,0.655,,,0.1706,,S,"  ","  ",5
2201,"          Oljato","         NEA>Apollo",,,,,,,,,,0.5037,,-0.1152,,,,S,"pS","pU",2
6569,"        Ondaatje","           NEA>Amor",,,,,,,,,,0.3954,,-0.0395,,,,S,"pS","pK",2
5011,"            Ptah","         NEA>Apollo",,,,,,,,,,0.2677,,,,,,U,"  ","  ",5
2100,"       Ra-Shalom","           NEA>Aten",,,,,,,,,,0.3342,,,,,,C,"  ","  ",5
5381,"         Sekhmet","           NEA>Aten",,,,,,,,,,0.5453,,,,,,S,"  ","  ",5
3288,"        Seleucus","           NEA>Amor",,,,,,,,,,0.4331,0.5762,-0.1006,0.481,0.1537,0.0581,S,"pU","pS",1
5863,"            Tara","           NEA>Amor",,,,,,,,,,0.3686,0.606,-0.0767,0.5293,0.24,0.1633,U,"pU","pS",1
1685,"            Toro","         NEA>Apollo",,,,,,,,,,0.4291,0.5858,-0.1024,0.5311,0.2729,0.1684,U,"pU","pS",1
15745,"          Yuliya","           NEA>Amor",,,,,,,,,,0.4767,0.5454,-0.073,0.4724,0.089,0.016,V,"pU","pV",1
12923,"          Zephyr","         NEA>Apollo",,,,,,,,,,0.5032,,,,,,S,"  ","  ",5
